disease,medicine,manufacturer,effect,usage,precautions,imgurl,reference
소화불량,트라부틴정,경남제약,"1. 주효능 효과1) 식도역류 및 열공헤르니아, 위, 십이지장염, 위, 십이지장궤양에 있어서의 소화기능이상 (복통(배아픔), 소화불량, 구역, 구토)2) 과민성대장증후군 및 경련성 결장3) 소아 질환 : 습관성 구토, 비감염성 장관통과장애 (변비, 설사), 동요(안절부절)자극, 수면장애","성인 : 트리메부틴말레산염으로서 1회 100-200mg 1일 3회 식전에 경구투여한다(복용한다).연령(나이), 증상에 따라 적절히 증감한다.","1. 다음 환자에는 투여하지 말 것이 약은 유당(젖당)수화물을 함유하고 있으므로, 갈락토오스 불내성(galactose intolerance), Lapp 유당(젖당)분해효소 결핍증(Lapp lactase deficiency) 또는 포도당-갈락토오스 흡수장애(glucose-galactose malabsorption) 등의 유전적인 문제가 있는 환자에게는 투여하면 안 된다....(이하생략)",https://dthumb-phinf.pstatic.net/?src=%22https%3A%2F%2Fdbscthumb-phinf.pstatic.net%2F3323_000_9%2F20180711200502152_A4FO7DVH6.png%2FP_2009090700205_.png%3Ftype%3Dm4500_4500_fst%26wm%3DN%22&twidth=520&theight=287&opts=17,https://terms.naver.com//entry.nhn?docId=2123989&cid=51000&categoryId=51000
소화불량,훼스탈골드정,한독,"소화불량, 식욕감퇴(식욕부진), 과식, 식체(위체(체함)), 소화촉진, 소화불량으로 인한 위부팽만감","성인 1회 1정, 1일 3회 식사 후 씹지 말고 복용한다.",1. 다음과 같은 사람은 이 약을 복용하지 말 것.1) 만 7세 이하의 어린이...(이하생략),https://dthumb-phinf.pstatic.net/?src=%22https%3A%2F%2Fdbscthumb-phinf.pstatic.net%2F3323_000_9%2F20180712030912554_R1PO5BBQH.jpg%2FP_A11A0740B0011_.jpg%3Ftype%3Dm4500_4500_fst%26wm%3DN%22&twidth=480&theight=480&opts=17,https://terms.naver.com//entry.nhn?docId=2135365&cid=51000&categoryId=51000
소화불량,모티리톤정,동아에스티,기능성 소화불량증,보통 성인은 1일 3회 1회 1정을 식전에 경구 투여한다.,"이 약은 임신부 및 수유부의 투여에 대한 안전성이 확립되어 있지 않으므로 임부 또는 임신하고 있을 가능성이 있는 환자, 수유부에는 치료상의 유익성이 위험성을 상회한다고 판단되는 경우에만 투여한다....(이하생략)",https://dthumb-phinf.pstatic.net/?src=%22https%3A%2F%2Fdbscthumb-phinf.pstatic.net%2F3323_000_9%2F20180711205536620_GJCLBB3D1.jpg%2FP_2011051800003_.jpg%3Ftype%3Dm4500_4500_fst%26wm%3DN%22&twidth=236&theight=163&opts=17,https://terms.naver.com/entry.nhn?docId=2126899&cid=51000&categoryId=51000
편두통,미가펜에스연질캡슐,우리들제약,"1. 주효능효과류마티양 관절염, 골관절염(퇴행성 관절질환), 강직성 척추염, 건염, 급성통풍, 월경곤란증2. 다음 질환에도 사용할 수 있습니다.활액낭염, 골격근장애(염좌, 좌상, 외상, 요천통), 수술후 동통, 편두통, 발치후 동통","1. 류마티양 관절염, 골관절염, 강직성 척추염성인 : 나프록센으로서 1회 250～500㎎ 1일 2회(12시간마다) 경구투여한다.2. 급성통풍성인 : 나프록센으로서 초회량으로 750㎎을 경구투여하고 발작이 소실될 때까지 8시간간격으로 250㎎을 경구투여한다.3. 골격근장애, 수술후 동통, 발치후 동통, 월경곤란증, 건염, 활액낭염성인 : 나프록센으로서 초회량으로 500㎎을 경구투여한 후 6～8시간간격으로 250㎎씩 투여한다.1일 총용량이 1,250㎎을 초과하지 않도록 한다.4. 편두통성인 : 나프록센으로서 초회량으로 750㎎을 경구투여한다. 필요하면 1일 250-500㎎을 더 투여할 수 있으며 초회량의 투여 30분후에 투여한다. 1일 총용량이 1250㎎을 초과하지 않도록 한다.연령, 증상에 따라 적절히 증감한다.",1. 경고1) 매일 세잔 이상 정기적으로 술을 마시는 사람이 이 약이나 다른 해열진통제를 복용해야 할 경우 반드시 의사 또는 약사와 상의해야 한다. 이러한 사람이 이 약을 복용하면 위장출혈이 유발될 수 있다....(이하생략),https://www.health.kr/images/ext_images/pack_img/P_2019111100003_00.jpg,https://terms.naver.com//entry.nhn?docId=5866224&cid=51000&categoryId=51000
편두통,마이드린캡슐,녹십자,긴장성 두통 및 혈관성 두통 (편두통),1.긴장성 두통:성인 1회 1~2캅셀을 1일 3회까지 복용한다.복용간격은 4시간 이상으로 한다.2.편두통:성인 1회 2캅셀을 복용하고 이후 증상이 개선될 때까지 매시간 1캅셀씩 복용한다.12시간 동안 5캅셀을 초과하지 않도록 한다.,1. 다음 환자에는 투여하지 마십시오. 1) 녹내장 환자 ...(이하생략),https://dthumb-phinf.pstatic.net/?src=%22https%3A%2F%2Fdbscthumb-phinf.pstatic.net%2F3323_000_9%2F20180712055150892_9LC5XBM32.jpg%2FP_A11A3550A0135_.jpg%3Ftype%3Dm4500_4500_fst%26wm%3DN%22&twidth=480&theight=480&opts=17,https://terms.naver.com//entry.nhn?docId=2139982&cid=51000&categoryId=51000
편두통,이디아캡슐,한국파비스제약,긴장성 두통 및 혈관성 두통 (편두통),1. 긴장성 두통:성인 1회 1-2캡슐을 1일 3회까지 복용한다.복용간격은 4시간 이상으로 한다.2. 편두통:성인 1회 2캡슐을 복용하고 이후 증상이 개선될 때까지 매시간 1캡슐씩 복용한다.12시간 동안 5캡슐을 초과하지 않도록 한다.,"1. 다음 사람은 복용전에 의사, 약사와 상의 할 것. 1) 본인 또는 가족이 알레르기성 체질인 사람 ...(이하생략)",https://dthumb-phinf.pstatic.net/?src=%22https%3A%2F%2Fdbscthumb-phinf.pstatic.net%2F3323_000_9%2F20180712165321963_TNX6TNGRC.jpg%2FP_swzz0r20cqix1_.jpg%3Ftype%3Dm4500_4500_fst%26wm%3DN%22&twidth=320&theight=270&opts=17,https://terms.naver.com//entry.nhn?docId=2164023&cid=51000&categoryId=51000
동상,한풍자운고,한풍제약,"[허가사항변경(2012년 재평가), 의약품관리총괄과-9301, 2013.12.30]거친 피부(추위로 살갗이 튼데), 동상, 땀띠, 항문열창, 옻 등으로 인한 피부염","[허가사항변경(2012년 재평가), 의약품관리총괄과-9301, 2013.12.30]1일 1 ∼ 수회, 환부에 적당량을 바른다.",사용상의주의사항1. 다음과 같은 사람은 이 약을 사용하지 말 것.1) 이 약 또는 이 약의 구성성분에 대하여 과민반응의 병력이 있는 환자...(이하생략),https://dthumb-phinf.pstatic.net/?src=%22https%3A%2F%2Fdbscthumb-phinf.pstatic.net%2F3323_000_18%2F20200309011355998_2ECRL48WP.jpg%2Fp_A11AKP08G3437_.jpg%3Ftype%3Dm4500_4500_fst%26wm%3DN%22&twidth=235&theight=220&opts=17,https://terms.naver.com//entry.nhn?docId=2150594&cid=51000&categoryId=51000
동상,알파케어크림,시믹씨엠오코리아,"습진?피부염군(진행성 지장각피증, 만성단순태선 포함), 양진군(구진두드러기 포함), 벌레물린데, 건선, 손?발바닥농포증",1일 1∼수회 적당량을 환부에 바르고 증상에 따라 적절히 증감한다.,"1. 다음 환자에는 투여하지 말 것.1) 세균(피부결핵, 매독 등)ㆍ진균(칸디다증, 백선 등)ㆍ바이러스(대상포진, 단순포진, 수두, 종두증 등)ㆍ동물(옴, 사면발이 등)성 피부감염증환자(증상이 악화될 수 있다)...(이하생략)",https://druginfo.co.kr/drugimg/package/P245440.jpg,https://terms.naver.com//entry.nhn?docId=2698763&cid=51000&categoryId=51000
장염,스멕타현탁액(20mL),대웅제약,"1. 성인의 식도, 위·십이지장과 관련된 통증의 완화2. 성인의 급·만성 설사3. 24개월 이상 소아의 급성 설사","성인 : 디옥타헤드랄스멕타이트로서 1회 3 g을 1일 3회 경구 복용한다. 급성설사시의 초기 3일은 1일 용량을 2배로 증량할 수 있다.식도염에는 식후에, 다른 적응증에는 식간에 복용한다.소아(24개월 이상) : 3일 동안 이 약으로서 1일 6 ∼ 9 g을 3회 분할 복용하고 이후 4일 동안 1일 6g을 3회 분할 복용한다.",1. 다음과 같은 사람은 이 약을 복용(사용)하지 말 것1) 24개월 미만 소아...(이하생략),https://lh3.googleusercontent.com/proxy/g3F3dyCNfnakMLTj9dXTZoexGFx_LxChjmMJV4As4kWys06_Dcduz74Jp2B61StVe82qyS7NSHJkazn5c1Z0G7zUmoettJouYCjhH4NSCjYi5bIuqlq2y-f_UuJ0p6zUf9vkTdftY8Eu80sDE9H2VsnL2kVX71WdEvPMAKAfnPLa4UOgsHSXqbsFp6uIPbO5TOw,https://terms.naver.com//entry.nhn?docId=2134457&cid=51000&categoryId=51000
장염,탈스탑캡슐,조아제약,"설사, 복통을 수반하는 설사, 식체, 묽은 변, 토사","만 15세이상: 1회 2캡슐, 1일 3회 복용만 11세이상 ~ 만 15세 미만: 1회 1~2캡슐, 1일 2회 복용만 8세 이상 ~ 만 11세 미만: 1회 1캡슐, 1일 3회 복용복용간격을 4시간 이상으로 한다.","1. 다음과 같은 사람은 이 약을 복용하지 말 것.1) 임부 또는 임신하고 있을 가능성이 있는 여성, 수유부, 신생아...(이하생략)",https://dthumb-phinf.pstatic.net/?src=%22https%3A%2F%2Fdbscthumb-phinf.pstatic.net%2F3323_000_9%2F20180712084343053_WFQD8M1IA.jpg%2FP_A11AJJJJJ0521_.jpg%3Ftype%3Dm4500_4500_fst%26wm%3DN%22&twidth=250&theight=250&opts=17,https://terms.naver.com//entry.nhn?docId=2144758&cid=51000&categoryId=51000
독감,테라플루데이타임건조시럽,글락소스미스클라인컨슈머헬스케어코리아,"감기의 제증상(여러 증상)(콧물, 코막힘, 재채기, 인후통(목구멍의 통증), 오한(춥고 떨리는 증상), 발열, 두통, 관절통, 근육통)의 완화","만 12세 이상의 청소년 및 성인: 매 4∼6시간마다 필요시 1포씩 복용한다. 24시간 동안 최대 4포를 초과하여 복용하지 않는다.만 12세 미만의 어린이에게는 투여하지 않는다.1회 1포를 끓지 않는 정도의 뜨거운 물 약 250mL에 녹여, 10~15분 내에 복용한다.",1. 경고1) 매일 세잔 이상 정기적으로 술을 마시는 사람이 이 약이나 다른 해열진통제를 복용해야 할 경우 반드시 의사 또는 약사와 상의해야 한다. 이러한 사람이 이 약을 복용하면 간손상이 유발될 수 있다....(이하생략),https://kr.gsk.com/media/777996/therafludaytime.jpg?width=507&quality=60&mode=crop,https://terms.naver.com//entry.nhn?docId=2150721&cid=51000&categoryId=51000
독감,타미플루캡슐75mg,한국로슈,1. 생후 2주 이상 신생아(수태 후 연령이 36주 미만인 소아에게는 적용되지 않는다)를 포함한 소아 및 성인의 인플루엔자 A 및 인플루엔자 B 바이러스 감염증(인플루엔자 감염의 초기증상 발현 48시간 이내에 투여를 시작해야 한다.)2. 1세 이상의 인플루엔자 A 및 인플루엔자 B 바이러스 감염증의 예방(인플루엔자 바이러스 감염증에 대한 예방의 일차요법은 백신요법이므로 백신에 당해 유행주가 포함되어 있지 않은 경우 또는 백신의 효과를 기대할 수 없거나 백신 접종을 하지 못하는 경우에 한하여 사용하며 이 약은 예방접종을 대체할 수 없다.),"1. 인플루엔자 A 및 인플루엔자 B 바이러스 감염증 : 인플루엔자 증상이 발현된 첫째 또는 둘째 날에 치료를 시작한다. 이 약은 음식물 섭취와 관계없이 투여할 수 있으며 일부 환자에서는 음식물과 함께 복용 시 내약성이 호전될 수 있다.1) 성인 및 13세 이상의 청소년 :오셀타미비르로서 75 mg을 1일 2회, 5일간 경구투여 한다. 캡슐을 삼키기 어려운 성인 및 13세 이상의 청소년은 이 약 현탁용 분말을 이용하여 투약한다.2) 1세 이상 12세 이하의 소아 :캡슐을 삼킬 수 있는 체중이 40 kg을 초과하는 소아 환자는 이 약 현탁액 권장용량 대신 75mg 캡슐을 1일 2회 또는 30mg 캡슐과 45mg 캡슐을 1일 2회 복용할 수 있다.다음 용량표에 따라 투여한다.","3) 2주 이상 1세 미만 소아:2주에서 12개월 소아 환자에 대한 권장 용량은 이 약으로서 3mg/kg을 1일 2회, 5일간 경구투여 한다. 수태 후 연령이 36주 미만인 소아에게는 적용되지 않는다.다음 용량표에 따라 투여한다*....(이하생략)",https://img1.daumcdn.net/thumb/R800x0/?scode=mtistory2&fname=https%3A%2F%2Ft1.daumcdn.net%2Fcfile%2Ftistory%2F990ADD3E5CD979D413,https://terms.naver.com//entry.nhn?docId=2143886&cid=51000&categoryId=51000
기생충에 의한 장염,대웅알벤다졸정,대웅제약,"[허가사항변경(2016년 재평가), 의약품안전평가과-4767, 2017.08.16.](정제)(저작정)(현탁액)회충, 요충, 십이지장충, 편충, 아메리카 구충, 분선충의 감염 및 이들 혼합감염의 치료","[허가사항변경(2016년 재평가), 의약품안전평가과-4767, 2017.08.16.](정제)(저작정)(현탁액)1. 성인 및 24개월 이상의 소아는 아래의 양을 복용1) 요충 : 1일 1회 알벤다졸로서 400 mg을 복용한다. 박멸을 위하여 7일 뒤, 한번만 더 이 약으로서 400 mg을 복용한다.2) 회충, 십이지장충, 편충, 아메리카구충 : 이 약으로서 400 mg을 단회 복용한다.3) 분선충의 다른 기생충(조충)과 중증 혼합 감염시 : 1일 1회 이 약으로서 400 mg 씩 3일간 복용한다.- 삼키기 어려울 경우 씹거나 소량의 물로 복용할 수 있으며 식사를 중단하거나 하제를 쓰는 등의 특별한 과정은 필요 없다(정제, 저작정에 한함).- 치료 3주 후 검사를 하여 치료되지 않았으면 경우에 따라 2차 투여를 실시할 수 있다.","1. 경고이 약에 함유되어 있는 인공감미제 아스파탐은 체내에서 분해되어 페닐알라닌으로 대사되므로, 페닐알라닌의 섭취를 규제할 필요가 있는 유전성질환인 페닐케톤뇨증 환자에는 투여를 제한할 것.※ 1일 허용량제한아스파탐 함량을 WHO 권장량(40mg/kg/1일)이하로 조정(가능한 최소량 사용)할 것.60kg 성인 : 1일 최대복용량 ...(이하생략)",https://dthumb-phinf.pstatic.net/?src=%22https%3A%2F%2Fdbscthumb-phinf.pstatic.net%2F3323_000_9%2F20180712074743656_5CLQQGIUN.jpg%2FP_A11AGGGGA1110_.jpg%3Ftype%3Dm4500_4500_fst%26wm%3DN%22&twidth=480&theight=480&opts=17,https://terms.naver.com//entry.nhn?docId=2142942&cid=51000&categoryId=51000
위염,펩타졸정40mg,한림제약,"[허가사항변경(2011년 재평가), 의약품관리과-6843, 2012.12.31)](정제)* 40 mg- 헬리코박터 필로리에 감염된 위·십이지장궤양의 재발 방지를 위한 항생제 병용요법- 십이지장궤양 - 위궤양 - 중등도∼중증의 역류성 식도염 - 졸링거엘리슨증후군 및 기타 병리학적 위산 과분비 상태","[허가사항변경(2011년 재평가), 의약품관리과-6843, 2012.12.31)](정제)* 40 mg1. 헬리코박터 필로리에 감염된 위.십이지장궤양의 재발방지를 위한 항생제 병용요법 - 통상, 성인은 다음 항생제와 병용하여 판토프라졸로서 1회 40 mg을 1일 2회(아침 및 저녁식전) 씹거나 부수지 말고 1주간 투여한다. (1) 아목시실린 1회 1000 mg과  클래리트로마이신 1회 500 mg을 1일 2회, 1주간 복용하거나 (2) 메트로니다졸 1회 500 mg과 클래리트로마이신 1회 500 mg을 1일 2회, 1주간 복용하거나 (3) 아목시실린 1회 1000 mg과 메트로니다졸 1회 500 mg을 1일 2회, 1주간 복용한다. - (2),(3)의 메트로니다졸 사용요법은 1의 요법이 부적당한 경우에만 사용한다. - 궤양의 치유를 확실히 하기 위해 판토프라졸로 추가의 치료가   지시된다면 십이지장궤양과 위궤양에 대해 아래의 용법에 따른 투여량추천이 고려되어야 한다. - 병용 요법이 필요하지 않은 경우(예,헬리코박터필로리 감염에 음성)  아래의 용법에 따른 판토프라졸의 단독요법을 실시한다.2. 위궤양 및 역류성식도염 - 통상, 성인 판토프라졸로서 1일 1회 40  mg을 아침식전 씹거나 부수지 말고 물과 함께 복용한다.  - 대부분 4주 이내에 치유될 수 있으나 간혹 환자에 따라 치유기간이 달라질 수 있다. 처음 4주 복용후 완치되지 않은 경우에는 계속해서 4주 더 복용한다. - 특별히 다른 치료법에 반응이 없었을 경우 용량을 두배로 증량(판토프라졸로서 1일 80 mg)할 수 있다.3. 십이지장궤양  - 통상 성인 판토프라졸로서 1일 1회 40 mg을 아침식전 씹거나 부수지 말고 물과 함께 복용한다. - 대부분 2주 이내에 치유될 수 있으나 간혹 환자에 따라 치유기간이 달라질 수 있다. 처음 2주 복용후 완치되지 않은 경우에는 계속해서 2주 더 복용한다. - 특별히 다른 치료법에 반응이 없었을 경우 용량을 두배로 증량(판토프라졸로서 1일 80 mg)할 수 있다.4. 졸링거엘리슨 증후군 및 기타 병리학적 위산 과분비 상태 - 초회용량으로 1일 판토프라졸로서 80 mg으로 시작한 다음, 위산분비 측정값에 따라 증량하거나 줄일 수 있다. - 80 mg 이상 용량에 대해서는 1일 2회에 나누어 복용한다.  - 일시적으로 160 mg이상으로 증량하는 것은 가능하나 적당량의 산을 조정할 수 있을 정도로만 적용되어야 한다. - 치료기간은 제한적이지 않지만 임상적 필요에 따라 변경되어져야 한다.○ 중증의 간장애(liver impairment)환자에게는 용량을 감소시켜 판토프라졸로서 격일마다 1회  40 mg씩  복용한다.○ 고령자 또는 신기능장애가 있는 환자는 판토프라졸로서 1일 40 mg을 초과하지 않도록 한다. 고령자의 경우에는 예외적으로 위의 항생제 병용요법으로 이 약으로서 1회 40 mg을 1일 2회(아침 및 저녁식전) 씹거나 부수지 말고, 1주간 복용할 수 있다.○ 중등도∼중증의 간/신기능장애 환자의 경우에 항생제 병용요법을 사용해서는 안 된다. 이 병용요법에 대한 유효성, 안전성에 대한 자료가 충분하지 않다.",1. 다음 환자에는 투여하지 말 것.  1) 항생제 병용요법의 경우 중등도 ∼ 중증의 간/신기능 장애자(안전성 유효성에 대한 임상경험이 없음) ...(이하생략),https://dthumb-phinf.pstatic.net/?src=%22https%3A%2F%2Fdbscthumb-phinf.pstatic.net%2F3323_000_9%2F20180712145621316_GV77GODQV.jpg%2FP_8806453020914.jpg%3Ftype%3Dm4500_4500_fst%26wm%3DN%22&twidth=480&theight=480&opts=17,https://terms.naver.com//entry.nhn?docId=2159582&cid=51000&categoryId=51000
위염,겔포스현탁액,보령제약,"다음 질환의 제산작용 및 증상의 개선: 위.십이지장 궤양, 위염, 위산과다(속쓰림, 위통, 구역, 구토)","성인 1회 1포(인산알루미늄으로서 2.2-2.75g), 1일 3-4회 식간[식사때와 식사때 사이] 및 취침시 경구투여한다[복용한다].연령[나이], 증상에 따라 적절히 증감한다.",1. 다음 환자에는 신중히 투여할 것1) 신장애[신장(콩팥)장애] 환자...(이하생략),https://dthumb-phinf.pstatic.net/?src=%22https%3A%2F%2Fdbscthumb-phinf.pstatic.net%2F3323_000_9%2F20180712061839056_JL62AYHSG.jpg%2FP_A11ABBBBB0219_.jpg%3Ftype%3Dm4500_4500_fst%26wm%3DN%22&twidth=480&theight=480&opts=17,https://terms.naver.com//entry.nhn?docId=2140839&cid=51000&categoryId=51000
후두염,포리비돈인후스프레이,태극제약,"구강내 살균소독, 인두염, 후두염, 구내염, 발치후 및 구내수술후 살균소독, 구취증","구강내 살균소독, 인두염, 후두염, 구내염, 발치후 및 구내수술후 살균소독, 구취증",1일 수회 적당량을 분사도포한다....(이하생략),https://dthumb-phinf.pstatic.net/?src=%22https%3A%2F%2Fdbscthumb-phinf.pstatic.net%2F3323_000_18%2F20200309001728601_U6G5UP627.png%2Fp_2015101500006_.png%3Ftype%3Dm4500_4500_fst%26wm%3DN%22&twidth=240&theight=260&opts=17,https://terms.naver.com//entry.nhn?docId=3329667&cid=51000&categoryId=51000
후두염,애니렉신정(은교산연조엑스),마더스제약,"감기로 인한 목구멍 통증, 목마름, 기침, 두통","감기로 인한 목구멍 통증, 목마름, 기침, 두통","보통 성인 1회 2캡슐(2정), 7～14세 1캡슐(1정)을 1일 3회 식전 또는 식간에 복용한다....(이하생략)",https://dthumb-phinf.pstatic.net/?src=%22https%3A%2F%2Fdbscthumb-phinf.pstatic.net%2F3323_000_9%2F20180712164931334_NGLA3R4HF.jpg%2FP_p65hibfwosbhf_.jpg%3Ftype%3Dm4500_4500_fst%26wm%3DN%22&twidth=480&theight=480&opts=17,https://terms.naver.com//entry.nhn?docId=2163798&cid=51000&categoryId=51000
후두염,스토마신캡슐,아이월드제약,"인후가 부어서 아픈 다음 증상 : 편도염, 편도주위염","인후가 부어서 아픈 다음 증상 : 편도염, 편도주위염","보통 성인 1회 2캡슐, 1회 7~14세 성인 용량의 2/3(4/3캡슐)4~6세 성인 용량의 1/2(1캡슐)2~3세 성인 용량의 1/3(2/3캡슐)1세 이하 성인 용량의 1/4(1/2캡슐)을1일 3회 식전 또는 식간(식사때와 식사때 사이) 에 미지근한 물에 녹여서 입이나 목 등을 적셔가면서 소량씩 천천히 복용한다(캡슐로 삼키지 말 것)....(이하생략)",https://dthumb-phinf.pstatic.net/?src=%22https%3A%2F%2Fdbscthumb-phinf.pstatic.net%2F3323_000_9%2F20180712112243823_LOPPKWWHG.bmp%2FP_A11AKP09C0028_.bmp%3Ftype%3Dm4500_4500_fst%26wm%3DN%22&twidth=500&theight=334&opts=17,https://terms.naver.com//entry.nhn?docId=2152884&cid=51000&categoryId=51000
임질,바이독시정,메디카코리아,"○ 유효균종리케차, 폐렴미코플라스마, 앵무병클라미디아, 재귀열균, 육아종피막성구균, 트라코마 클라미디아, 연성하감균, 콜레라균, 페스트균, 박테로이드, 브루셀라, 대장균, 엔터로박터, 인플루엔자균, 클레브시엘라, 연쇄구균, 폐렴연쇄구균, 황색포도구균, 임균, 매독균, 리스테리아 모노사이토제니스, 탄저균, 푸조박테륨, 야토병균○ 적응증발진티푸스, 발진열, 양충병(쯔쯔가무시병), 큐열, 록키산홍반열, 리케차, 진드기열, 미코플라스마 폐렴, 비둘기병, 앵무병, 서혜육아종, 성병성림프육아종, 재귀열, 연성하감, 콜레라, 페스트, 야생토끼병, 브루셀라증, 매독, 리스테리아증, 탄저, 봉입체결막염, 편도염, 인두염, 기관지염, 기관지확장증(감염 시), 폐렴, 폐농양, 유선염, 림프절염, 골수염, 성홍열, 중이염, 부비동염, 임질, 신우신염, 방광염, 요도염, 자궁내감염, 급성눈물주머니염, 장관아메바증, 트라코마, 여드름","○ 유효균종리케차, 폐렴미코플라스마, 앵무병클라미디아, 재귀열균, 육아종피막성구균, 트라코마 클라미디아, 연성하감균, 콜레라균, 페스트균, 박테로이드, 브루셀라, 대장균, 엔터로박터, 인플루엔자균, 클레브시엘라, 연쇄구균, 폐렴연쇄구균, 황색포도구균, 임균, 매독균, 리스테리아 모노사이토제니스, 탄저균, 푸조박테륨, 야토병균○ 적응증발진티푸스, 발진열, 양충병(쯔쯔가무시병), 큐열, 록키산홍반열, 리케차, 진드기열, 미코플라스마 폐렴, 비둘기병, 앵무병, 서혜육아종, 성병성림프육아종, 재귀열, 연성하감, 콜레라, 페스트, 야생토끼병, 브루셀라증, 매독, 리스테리아증, 탄저, 봉입체결막염, 편도염, 인두염, 기관지염, 기관지확장증(감염 시), 폐렴, 폐농양, 유선염, 림프절염, 골수염, 성홍열, 중이염, 부비동염, 임질, 신우신염, 방광염, 요도염, 자궁내감염, 급성눈물주머니염, 장관아메바증, 트라코마, 여드름","○ 성인 : 독시사이클린으로서 초회량으로는 1회 100 mg(역가)을 12시간마다 경구투여한다. 유지량으로는 1일 100 mg(역가)을 1 ∼ 2회 분할 투여한다.○ 12세 이상 청소년 : 체중 45 kg이하인 경우는 초회량으로는 체중 kg당 4 mg(역가)을 1일 2회 분할 경구 투여한다. 유지량으로는 1일 체중 kg당 2 mg(역가)을 1 ∼ 2회 분할 투여한다. 체중 45 kg 초과하는 경우는 성인 용량에 해당하는 용량을 투여한다.○ 중증 감염증인 경우 초회량을 12시간마다 투여한다.이 약은 증세가 가라앉고 열이 내린 후에도 24 ～ 48시간을 더 투여하여야 한다.연쇄구균감염증에는 류마티스열이나 사구체신염의 발현을 방지하기 위하여 적어도 10일간 투여를 계속한다.연령, 증상에 따라 적절히 증감한다....(이하생략)",https://www.pharm.or.kr:442/images/sb_photo/big3/201508280000802.jpg,https://terms.naver.com//entry.nhn?docId=3329552&cid=51000&categoryId=51000
방광염,요로신정,정우신약,"방광카타르, 요도염, 신장(콩팥)병, 신증(콩팥증)후군, 부종(부기)","방광카타르, 요도염, 신장(콩팥)병, 신증(콩팥증)후군, 부종(부기)","보통 성인 1회 3~6정, 7~14세 2~3정을 1일 2회(아침, 저녁)복용한다....(이하생략)",https://dthumb-phinf.pstatic.net/?src=%22https%3A%2F%2Fdbscthumb-phinf.pstatic.net%2F3323_000_9%2F20180712085158435_INRK1U8KG.jpg%2FP_A11AKKKKK0291_.jpg%3Ftype%3Dm4500_4500_fst%26wm%3DN%22&twidth=204&theight=129&opts=17,https://terms.naver.com//entry.nhn?docId=2145032&cid=51000&categoryId=51000
질염,카네스텐질정,바이엘코리아,"[허가사항변경(2015년 재평가), 의약품안전평가과-6848, 2016.12.12.](질정제) 칸디다성 질염","[허가사항변경(2015년 재평가), 의약품안전평가과-6848, 2016.12.12.](질정제) * 100 mg성인 : 보통 1일 1회 클로트리마졸로서 100  mg을 연속 6일간 취침시에 질내 깊숙이 삽입한다. 단기요법으로 보통 성인 1일 1회 클로트리마졸로서 200 mg을 연속 3일간 취침시 질내 깊숙이 삽입한다.",(질정제)1. 다음과 같은 사람은 이 약을 사용하지 말 것.  이 약의 주성분 또는 구성성분에 과민반응 및 그 병력이 있는 환자...(이하생략),https://www.pharmstoday.com/news/photo/201504/121518_31880_3251.jpg,https://terms.naver.com//entry.nhn?docId=2137239&cid=51000&categoryId=51000
질염,한국유나이티드클로트리마졸질정(수출용) ,한국유나이티드제약,1. 효능.효과 : 칸디다균성 질염2. 다음 질환에도 사용할 수 있다 : 트리코모나스균성 질염,"클로트리마졸 질정으로서 보통 성인 1일 1회 100mg을 연속 6~7일간 취침시에 질내깊숙히 삽입한다.단기요법으로 보통 성인 1일 1회 200mg(2질정)을 연속 3일간 취침시에 질내 깊숙히삽입한다.연령, 증상에 따라 사용기간 및 용량을 적절히 증감한다.",1. 다음 환자에는 투여하지 말 것   이 약에 과민증이 있는 환자...(이하생략),https://www.druginfo.co.kr/drugimg/2712.jpg,https://terms.naver.com//entry.nhn?docId=2136844&cid=51000&categoryId=51000
간염,우루사정300mg,대웅제약,○ 원발 쓸개관 간경화증(Primary Billary Cirrhosis : PBC)의 간기능 개선○ 급격한 체중 감소를 겪은 비만 환자에서의 담석예방○ 위 절제술을 시행한 위암 환자에서의 담석예방,"○ 원발 쓸개관 간경화증(Primary Biliary Cirrhosis: PBC) 의 간기능 개선성인 우르소데옥시콜산으로서 1회 300mg 1일 3회 식사와 함께 경구투여한다.○ 담석예방1) 급격한 체중을 감량한 환자에서 담석 예방을 위한 권장 용량으로 1일 2회, 1회 300mg을 복용한다.2) 위 절제술을 시행한 위암 환자에서 담석 예방을 위한 권장 용량으로 1일 1회, 1회 300mg을 복용한다.","○ 원발 쓸개관 간경화증(Primary Biliary Cirrhosis: PBC) 의 간기능 개선성인 우르소데옥시콜산으로서 1회 300mg 1일 3회 식사와 함께 경구투여한다.○ 담석예방1) 급격한 체중을 감량한 환자에서 담석 예방을 위한 권장 용량으로 1일 2회, 1회 300mg을 복용한다....(이하생략)",https://t1.daumcdn.net/cfile/tistory/997A38375AF6BB273A,https://terms.naver.com//entry.nhn?docId=2145785&cid=51000&categoryId=51000
간염,에너리버연질캡슐350mg,유한양행,"다음 질환의 보조치료: 독성간질환, 만성간염, 간경변","다음 질환의 보조치료: 독성간질환, 만성간염, 간경변","1일 1회, 1회 1캡슐...(이하생략)",https://dthumb-phinf.pstatic.net/?src=%22https%3A%2F%2Fdbscthumb-phinf.pstatic.net%2F3323_000_9%2F20180712112618829_VHXQWSAJT.gif%2FP_A11AKP09D0125_.gif%3Ftype%3Dm4500_4500_fst%26wm%3DN%22&twidth=350&theight=370&opts=17,https://terms.naver.com//entry.nhn?docId=2153015&cid=51000&categoryId=51000
식도염,펩타졸정40mg,한림제약,"[허가사항변경(2011년 재평가), 의약품관리과-6843, 2012.12.31)](정제)* 40 mg- 헬리코박터 필로리에 감염된 위·십이지장궤양의 재발 방지를 위한 항생제 병용요법- 십이지장궤양 - 위궤양 - 중등도∼중증의 역류성 식도염 - 졸링거엘리슨증후군 및 기타 병리학적 위산 과분비 상태","[허가사항변경(2011년 재평가), 의약품관리과-6843, 2012.12.31)](정제)* 40 mg1. 헬리코박터 필로리에 감염된 위.십이지장궤양의 재발방지를 위한 항생제 병용요법 - 통상, 성인은 다음 항생제와 병용하여 판토프라졸로서 1회 40 mg을 1일 2회(아침 및 저녁식전) 씹거나 부수지 말고 1주간 투여한다. (1) 아목시실린 1회 1000 mg과  클래리트로마이신 1회 500 mg을 1일 2회, 1주간 복용하거나 (2) 메트로니다졸 1회 500 mg과 클래리트로마이신 1회 500 mg을 1일 2회, 1주간 복용하거나 (3) 아목시실린 1회 1000 mg과 메트로니다졸 1회 500 mg을 1일 2회, 1주간 복용한다. - (2),(3)의 메트로니다졸 사용요법은 1의 요법이 부적당한 경우에만 사용한다. - 궤양의 치유를 확실히 하기 위해 판토프라졸로 추가의 치료가   지시된다면 십이지장궤양과 위궤양에 대해 아래의 용법에 따른 투여량추천이 고려되어야 한다. - 병용 요법이 필요하지 않은 경우(예,헬리코박터필로리 감염에 음성)  아래의 용법에 따른 판토프라졸의 단독요법을 실시한다.2. 위궤양 및 역류성식도염 - 통상, 성인 판토프라졸로서 1일 1회 40  mg을 아침식전 씹거나 부수지 말고 물과 함께 복용한다.  - 대부분 4주 이내에 치유될 수 있으나 간혹 환자에 따라 치유기간이 달라질 수 있다. 처음 4주 복용후 완치되지 않은 경우에는 계속해서 4주 더 복용한다. - 특별히 다른 치료법에 반응이 없었을 경우 용량을 두배로 증량(판토프라졸로서 1일 80 mg)할 수 있다.3. 십이지장궤양  - 통상 성인 판토프라졸로서 1일 1회 40 mg을 아침식전 씹거나 부수지 말고 물과 함께 복용한다. - 대부분 2주 이내에 치유될 수 있으나 간혹 환자에 따라 치유기간이 달라질 수 있다. 처음 2주 복용후 완치되지 않은 경우에는 계속해서 2주 더 복용한다. - 특별히 다른 치료법에 반응이 없었을 경우 용량을 두배로 증량(판토프라졸로서 1일 80 mg)할 수 있다.4. 졸링거엘리슨 증후군 및 기타 병리학적 위산 과분비 상태 - 초회용량으로 1일 판토프라졸로서 80 mg으로 시작한 다음, 위산분비 측정값에 따라 증량하거나 줄일 수 있다. - 80 mg 이상 용량에 대해서는 1일 2회에 나누어 복용한다.  - 일시적으로 160 mg이상으로 증량하는 것은 가능하나 적당량의 산을 조정할 수 있을 정도로만 적용되어야 한다. - 치료기간은 제한적이지 않지만 임상적 필요에 따라 변경되어져야 한다.○ 중증의 간장애(liver impairment)환자에게는 용량을 감소시켜 판토프라졸로서 격일마다 1회  40 mg씩  복용한다.○ 고령자 또는 신기능장애가 있는 환자는 판토프라졸로서 1일 40 mg을 초과하지 않도록 한다. 고령자의 경우에는 예외적으로 위의 항생제 병용요법으로 이 약으로서 1회 40 mg을 1일 2회(아침 및 저녁식전) 씹거나 부수지 말고, 1주간 복용할 수 있다.○ 중등도∼중증의 간/신기능장애 환자의 경우에 항생제 병용요법을 사용해서는 안 된다. 이 병용요법에 대한 유효성, 안전성에 대한 자료가 충분하지 않다.",1. 다음 환자에는 투여하지 말 것.  1) 항생제 병용요법의 경우 중등도 ∼ 중증의 간/신기능 장애자(안전성 유효성에 대한 임상경험이 없음) ...(이하생략),https://dthumb-phinf.pstatic.net/?src=%22https%3A%2F%2Fdbscthumb-phinf.pstatic.net%2F3323_000_9%2F20180712145621316_GV77GODQV.jpg%2FP_8806453020914.jpg%3Ftype%3Dm4500_4500_fst%26wm%3DN%22&twidth=480&theight=480&opts=17,https://terms.naver.com//entry.nhn?docId=2159582&cid=51000&categoryId=51000
식도염,겔포스현탁액,보령제약,"다음 질환의 제산작용 및 증상의 개선: 위.십이지장 궤양, 위염, 위산과다(속쓰림, 위통, 구역, 구토)","성인 1회 1포(인산알루미늄으로서 2.2-2.75g), 1일 3-4회 식간[식사때와 식사때 사이] 및 취침시 경구투여한다[복용한다].연령[나이], 증상에 따라 적절히 증감한다.",1. 다음 환자에는 신중히 투여할 것1) 신장애[신장(콩팥)장애] 환자...(이하생략),https://dthumb-phinf.pstatic.net/?src=%22https%3A%2F%2Fdbscthumb-phinf.pstatic.net%2F3323_000_9%2F20180712061839056_JL62AYHSG.jpg%2FP_A11ABBBBB0219_.jpg%3Ftype%3Dm4500_4500_fst%26wm%3DN%22&twidth=480&theight=480&opts=17,https://terms.naver.com//entry.nhn?docId=2140839&cid=51000&categoryId=51000
기생충에 의한 간염,대웅알벤다졸정,대웅제약,"[허가사항변경(2016년 재평가), 의약품안전평가과-4767, 2017.08.16.](정제)(저작정)(현탁액)회충, 요충, 십이지장충, 편충, 아메리카 구충, 분선충의 감염 및 이들 혼합감염의 치료","[허가사항변경(2016년 재평가), 의약품안전평가과-4767, 2017.08.16.](정제)(저작정)(현탁액)1. 성인 및 24개월 이상의 소아는 아래의 양을 복용1) 요충 : 1일 1회 알벤다졸로서 400 mg을 복용한다. 박멸을 위하여 7일 뒤, 한번만 더 이 약으로서 400 mg을 복용한다.2) 회충, 십이지장충, 편충, 아메리카구충 : 이 약으로서 400 mg을 단회 복용한다.3) 분선충의 다른 기생충(조충)과 중증 혼합 감염시 : 1일 1회 이 약으로서 400 mg 씩 3일간 복용한다.- 삼키기 어려울 경우 씹거나 소량의 물로 복용할 수 있으며 식사를 중단하거나 하제를 쓰는 등의 특별한 과정은 필요 없다(정제, 저작정에 한함).- 치료 3주 후 검사를 하여 치료되지 않았으면 경우에 따라 2차 투여를 실시할 수 있다.","1. 경고이 약에 함유되어 있는 인공감미제 아스파탐은 체내에서 분해되어 페닐알라닌으로 대사되므로, 페닐알라닌의 섭취를 규제할 필요가 있는 유전성질환인 페닐케톤뇨증 환자에는 투여를 제한할 것.※ 1일 허용량제한아스파탐 함량을 WHO 권장량(40mg/kg/1일)이하로 조정(가능한 최소량 사용)할 것.60kg 성인 : 1일 최대복용량 ...(이하생략)",https://dthumb-phinf.pstatic.net/?src=%22https%3A%2F%2Fdbscthumb-phinf.pstatic.net%2F3323_000_9%2F20180712074743656_5CLQQGIUN.jpg%2FP_A11AGGGGA1110_.jpg%3Ftype%3Dm4500_4500_fst%26wm%3DN%22&twidth=480&theight=480&opts=17,https://terms.naver.com//entry.nhn?docId=2142942&cid=51000&categoryId=51000
간 장애,에너리버연질캡슐350mg,유한양행,"다음 질환의 보조치료: 독성간질환, 만성간염, 간경변","1일 1회, 1회 1캡슐",1. 다음과 같은 사람은 이 약을 복용하지 말 것 .1) 심한 담도 폐쇄 환자 ...(이하생략),https://dthumb-phinf.pstatic.net/?src=%22https%3A%2F%2Fdbscthumb-phinf.pstatic.net%2F3323_000_9%2F20180712112618829_VHXQWSAJT.gif%2FP_A11AKP09D0125_.gif%3Ftype%3Dm4500_4500_fst%26wm%3DN%22&twidth=350&theight=370&opts=17,https://terms.naver.com//entry.nhn?docId=2153015&cid=51000&categoryId=51000
간 장애,우루사정300mg,대웅제약,○ 원발 쓸개관 간경화증(Primary Billary Cirrhosis : PBC)의 간기능 개선○ 급격한 체중 감소를 겪은 비만 환자에서의 담석예방○ 위 절제술을 시행한 위암 환자에서의 담석예방,"○ 원발 쓸개관 간경화증(Primary Biliary Cirrhosis: PBC) 의 간기능 개선성인 우르소데옥시콜산으로서 1회 300mg 1일 3회 식사와 함께 경구투여한다.○ 담석예방1) 급격한 체중을 감량한 환자에서 담석 예방을 위한 권장 용량으로 1일 2회, 1회 300mg을 복용한다.2) 위 절제술을 시행한 위암 환자에서 담석 예방을 위한 권장 용량으로 1일 1회, 1회 300mg을 복용한다.",1. 다음 환자에는 투여하지 말 것 1) 이 성분 또는 담즙산에 과민증 환자 ...(이하생략),https://t1.daumcdn.net/cfile/tistory/997A38375AF6BB273A,https://terms.naver.com//entry.nhn?docId=2145785&cid=51000&categoryId=51000
위염,펩타졸정40mg,한림제약,"[허가사항변경(2011년 재평가), 의약품관리과-6843, 2012.12.31)](정제)* 40 mg- 헬리코박터 필로리에 감염된 위·십이지장궤양의 재발 방지를 위한 항생제 병용요법- 십이지장궤양 - 위궤양 - 중등도∼중증의 역류성 식도염 - 졸링거엘리슨증후군 및 기타 병리학적 위산 과분비 상태","[허가사항변경(2011년 재평가), 의약품관리과-6843, 2012.12.31)](정제)* 40 mg1. 헬리코박터 필로리에 감염된 위.십이지장궤양의 재발방지를 위한 항생제 병용요법 - 통상, 성인은 다음 항생제와 병용하여 판토프라졸로서 1회 40 mg을 1일 2회(아침 및 저녁식전) 씹거나 부수지 말고 1주간 투여한다. (1) 아목시실린 1회 1000 mg과  클래리트로마이신 1회 500 mg을 1일 2회, 1주간 복용하거나 (2) 메트로니다졸 1회 500 mg과 클래리트로마이신 1회 500 mg을 1일 2회, 1주간 복용하거나 (3) 아목시실린 1회 1000 mg과 메트로니다졸 1회 500 mg을 1일 2회, 1주간 복용한다. - (2),(3)의 메트로니다졸 사용요법은 1의 요법이 부적당한 경우에만 사용한다. - 궤양의 치유를 확실히 하기 위해 판토프라졸로 추가의 치료가   지시된다면 십이지장궤양과 위궤양에 대해 아래의 용법에 따른 투여량추천이 고려되어야 한다. - 병용 요법이 필요하지 않은 경우(예,헬리코박터필로리 감염에 음성)  아래의 용법에 따른 판토프라졸의 단독요법을 실시한다.2. 위궤양 및 역류성식도염 - 통상, 성인 판토프라졸로서 1일 1회 40  mg을 아침식전 씹거나 부수지 말고 물과 함께 복용한다.  - 대부분 4주 이내에 치유될 수 있으나 간혹 환자에 따라 치유기간이 달라질 수 있다. 처음 4주 복용후 완치되지 않은 경우에는 계속해서 4주 더 복용한다. - 특별히 다른 치료법에 반응이 없었을 경우 용량을 두배로 증량(판토프라졸로서 1일 80 mg)할 수 있다.3. 십이지장궤양  - 통상 성인 판토프라졸로서 1일 1회 40 mg을 아침식전 씹거나 부수지 말고 물과 함께 복용한다. - 대부분 2주 이내에 치유될 수 있으나 간혹 환자에 따라 치유기간이 달라질 수 있다. 처음 2주 복용후 완치되지 않은 경우에는 계속해서 2주 더 복용한다. - 특별히 다른 치료법에 반응이 없었을 경우 용량을 두배로 증량(판토프라졸로서 1일 80 mg)할 수 있다.4. 졸링거엘리슨 증후군 및 기타 병리학적 위산 과분비 상태 - 초회용량으로 1일 판토프라졸로서 80 mg으로 시작한 다음, 위산분비 측정값에 따라 증량하거나 줄일 수 있다. - 80 mg 이상 용량에 대해서는 1일 2회에 나누어 복용한다.  - 일시적으로 160 mg이상으로 증량하는 것은 가능하나 적당량의 산을 조정할 수 있을 정도로만 적용되어야 한다. - 치료기간은 제한적이지 않지만 임상적 필요에 따라 변경되어져야 한다.○ 중증의 간장애(liver impairment)환자에게는 용량을 감소시켜 판토프라졸로서 격일마다 1회  40 mg씩  복용한다.○ 고령자 또는 신기능장애가 있는 환자는 판토프라졸로서 1일 40 mg을 초과하지 않도록 한다. 고령자의 경우에는 예외적으로 위의 항생제 병용요법으로 이 약으로서 1회 40 mg을 1일 2회(아침 및 저녁식전) 씹거나 부수지 말고, 1주간 복용할 수 있다.○ 중등도∼중증의 간/신기능장애 환자의 경우에 항생제 병용요법을 사용해서는 안 된다. 이 병용요법에 대한 유효성, 안전성에 대한 자료가 충분하지 않다.",1. 다음 환자에는 투여하지 말 것.  1) 항생제 병용요법의 경우 중등도 ∼ 중증의 간/신기능 장애자(안전성 유효성에 대한 임상경험이 없음) ...(이하생략),https://dthumb-phinf.pstatic.net/?src=%22https%3A%2F%2Fdbscthumb-phinf.pstatic.net%2F3323_000_9%2F20180712145621316_GV77GODQV.jpg%2FP_8806453020914.jpg%3Ftype%3Dm4500_4500_fst%26wm%3DN%22&twidth=480&theight=480&opts=17,https://terms.naver.com//entry.nhn?docId=2159582&cid=51000&categoryId=51000
위염,겔포스현탁액,보령제약,"다음 질환의 제산작용 및 증상의 개선: 위.십이지장 궤양, 위염, 위산과다(속쓰림, 위통, 구역, 구토)","성인 1회 1포(인산알루미늄으로서 2.2-2.75g), 1일 3-4회 식간[식사때와 식사때 사이] 및 취침시 경구투여한다[복용한다].연령[나이], 증상에 따라 적절히 증감한다.",1. 다음 환자에는 신중히 투여할 것1) 신장애[신장(콩팥)장애] 환자...(이하생략),https://dthumb-phinf.pstatic.net/?src=%22https%3A%2F%2Fdbscthumb-phinf.pstatic.net%2F3323_000_9%2F20180712061839056_JL62AYHSG.jpg%2FP_A11ABBBBB0219_.jpg%3Ftype%3Dm4500_4500_fst%26wm%3DN%22&twidth=480&theight=480&opts=17,https://terms.naver.com//entry.nhn?docId=2140839&cid=51000&categoryId=51000
십이지장 궤양,펩타졸정40mg,한림제약,"[허가사항변경(2011년 재평가), 의약품관리과-6843, 2012.12.31)](정제)* 40 mg- 헬리코박터 필로리에 감염된 위·십이지장궤양의 재발 방지를 위한 항생제 병용요법- 십이지장궤양 - 위궤양 - 중등도∼중증의 역류성 식도염 - 졸링거엘리슨증후군 및 기타 병리학적 위산 과분비 상태","[허가사항변경(2011년 재평가), 의약품관리과-6843, 2012.12.31)](정제)* 40 mg1. 헬리코박터 필로리에 감염된 위.십이지장궤양의 재발방지를 위한 항생제 병용요법 - 통상, 성인은 다음 항생제와 병용하여 판토프라졸로서 1회 40 mg을 1일 2회(아침 및 저녁식전) 씹거나 부수지 말고 1주간 투여한다. (1) 아목시실린 1회 1000 mg과  클래리트로마이신 1회 500 mg을 1일 2회, 1주간 복용하거나 (2) 메트로니다졸 1회 500 mg과 클래리트로마이신 1회 500 mg을 1일 2회, 1주간 복용하거나 (3) 아목시실린 1회 1000 mg과 메트로니다졸 1회 500 mg을 1일 2회, 1주간 복용한다. - (2),(3)의 메트로니다졸 사용요법은 1의 요법이 부적당한 경우에만 사용한다. - 궤양의 치유를 확실히 하기 위해 판토프라졸로 추가의 치료가   지시된다면 십이지장궤양과 위궤양에 대해 아래의 용법에 따른 투여량추천이 고려되어야 한다. - 병용 요법이 필요하지 않은 경우(예,헬리코박터필로리 감염에 음성)  아래의 용법에 따른 판토프라졸의 단독요법을 실시한다.2. 위궤양 및 역류성식도염 - 통상, 성인 판토프라졸로서 1일 1회 40  mg을 아침식전 씹거나 부수지 말고 물과 함께 복용한다.  - 대부분 4주 이내에 치유될 수 있으나 간혹 환자에 따라 치유기간이 달라질 수 있다. 처음 4주 복용후 완치되지 않은 경우에는 계속해서 4주 더 복용한다. - 특별히 다른 치료법에 반응이 없었을 경우 용량을 두배로 증량(판토프라졸로서 1일 80 mg)할 수 있다.3. 십이지장궤양  - 통상 성인 판토프라졸로서 1일 1회 40 mg을 아침식전 씹거나 부수지 말고 물과 함께 복용한다. - 대부분 2주 이내에 치유될 수 있으나 간혹 환자에 따라 치유기간이 달라질 수 있다. 처음 2주 복용후 완치되지 않은 경우에는 계속해서 2주 더 복용한다. - 특별히 다른 치료법에 반응이 없었을 경우 용량을 두배로 증량(판토프라졸로서 1일 80 mg)할 수 있다.4. 졸링거엘리슨 증후군 및 기타 병리학적 위산 과분비 상태 - 초회용량으로 1일 판토프라졸로서 80 mg으로 시작한 다음, 위산분비 측정값에 따라 증량하거나 줄일 수 있다. - 80 mg 이상 용량에 대해서는 1일 2회에 나누어 복용한다.  - 일시적으로 160 mg이상으로 증량하는 것은 가능하나 적당량의 산을 조정할 수 있을 정도로만 적용되어야 한다. - 치료기간은 제한적이지 않지만 임상적 필요에 따라 변경되어져야 한다.○ 중증의 간장애(liver impairment)환자에게는 용량을 감소시켜 판토프라졸로서 격일마다 1회  40 mg씩  복용한다.○ 고령자 또는 신기능장애가 있는 환자는 판토프라졸로서 1일 40 mg을 초과하지 않도록 한다. 고령자의 경우에는 예외적으로 위의 항생제 병용요법으로 이 약으로서 1회 40 mg을 1일 2회(아침 및 저녁식전) 씹거나 부수지 말고, 1주간 복용할 수 있다.○ 중등도∼중증의 간/신기능장애 환자의 경우에 항생제 병용요법을 사용해서는 안 된다. 이 병용요법에 대한 유효성, 안전성에 대한 자료가 충분하지 않다.",1. 다음 환자에는 투여하지 말 것.  1) 항생제 병용요법의 경우 중등도 ∼ 중증의 간/신기능 장애자(안전성 유효성에 대한 임상경험이 없음) ...(이하생략),https://dthumb-phinf.pstatic.net/?src=%22https%3A%2F%2Fdbscthumb-phinf.pstatic.net%2F3323_000_9%2F20180712145621316_GV77GODQV.jpg%2FP_8806453020914.jpg%3Ftype%3Dm4500_4500_fst%26wm%3DN%22&twidth=480&theight=480&opts=17,https://terms.naver.com//entry.nhn?docId=2159582&cid=51000&categoryId=51000
십이지장 궤양,겔포스현탁액,보령제약,"다음 질환의 제산작용 및 증상의 개선: 위.십이지장 궤양, 위염, 위산과다(속쓰림, 위통, 구역, 구토)","성인 1회 1포(인산알루미늄으로서 2.2-2.75g), 1일 3-4회 식간[식사때와 식사때 사이] 및 취침시 경구투여한다[복용한다].연령[나이], 증상에 따라 적절히 증감한다.",1. 다음 환자에는 신중히 투여할 것1) 신장애[신장(콩팥)장애] 환자...(이하생략),https://dthumb-phinf.pstatic.net/?src=%22https%3A%2F%2Fdbscthumb-phinf.pstatic.net%2F3323_000_9%2F20180712061839056_JL62AYHSG.jpg%2FP_A11ABBBBB0219_.jpg%3Ftype%3Dm4500_4500_fst%26wm%3DN%22&twidth=480&theight=480&opts=17,https://terms.naver.com//entry.nhn?docId=2140839&cid=51000&categoryId=51000
위궤양,펩타졸정40mg,한림제약,"[허가사항변경(2011년 재평가), 의약품관리과-6843, 2012.12.31)](정제)* 40 mg- 헬리코박터 필로리에 감염된 위·십이지장궤양의 재발 방지를 위한 항생제 병용요법- 십이지장궤양 - 위궤양 - 중등도∼중증의 역류성 식도염 - 졸링거엘리슨증후군 및 기타 병리학적 위산 과분비 상태","[허가사항변경(2011년 재평가), 의약품관리과-6843, 2012.12.31)](정제)* 40 mg1. 헬리코박터 필로리에 감염된 위.십이지장궤양의 재발방지를 위한 항생제 병용요법 - 통상, 성인은 다음 항생제와 병용하여 판토프라졸로서 1회 40 mg을 1일 2회(아침 및 저녁식전) 씹거나 부수지 말고 1주간 투여한다. (1) 아목시실린 1회 1000 mg과  클래리트로마이신 1회 500 mg을 1일 2회, 1주간 복용하거나 (2) 메트로니다졸 1회 500 mg과 클래리트로마이신 1회 500 mg을 1일 2회, 1주간 복용하거나 (3) 아목시실린 1회 1000 mg과 메트로니다졸 1회 500 mg을 1일 2회, 1주간 복용한다. - (2),(3)의 메트로니다졸 사용요법은 1의 요법이 부적당한 경우에만 사용한다. - 궤양의 치유를 확실히 하기 위해 판토프라졸로 추가의 치료가   지시된다면 십이지장궤양과 위궤양에 대해 아래의 용법에 따른 투여량추천이 고려되어야 한다. - 병용 요법이 필요하지 않은 경우(예,헬리코박터필로리 감염에 음성)  아래의 용법에 따른 판토프라졸의 단독요법을 실시한다.2. 위궤양 및 역류성식도염 - 통상, 성인 판토프라졸로서 1일 1회 40  mg을 아침식전 씹거나 부수지 말고 물과 함께 복용한다.  - 대부분 4주 이내에 치유될 수 있으나 간혹 환자에 따라 치유기간이 달라질 수 있다. 처음 4주 복용후 완치되지 않은 경우에는 계속해서 4주 더 복용한다. - 특별히 다른 치료법에 반응이 없었을 경우 용량을 두배로 증량(판토프라졸로서 1일 80 mg)할 수 있다.3. 십이지장궤양  - 통상 성인 판토프라졸로서 1일 1회 40 mg을 아침식전 씹거나 부수지 말고 물과 함께 복용한다. - 대부분 2주 이내에 치유될 수 있으나 간혹 환자에 따라 치유기간이 달라질 수 있다. 처음 2주 복용후 완치되지 않은 경우에는 계속해서 2주 더 복용한다. - 특별히 다른 치료법에 반응이 없었을 경우 용량을 두배로 증량(판토프라졸로서 1일 80 mg)할 수 있다.4. 졸링거엘리슨 증후군 및 기타 병리학적 위산 과분비 상태 - 초회용량으로 1일 판토프라졸로서 80 mg으로 시작한 다음, 위산분비 측정값에 따라 증량하거나 줄일 수 있다. - 80 mg 이상 용량에 대해서는 1일 2회에 나누어 복용한다.  - 일시적으로 160 mg이상으로 증량하는 것은 가능하나 적당량의 산을 조정할 수 있을 정도로만 적용되어야 한다. - 치료기간은 제한적이지 않지만 임상적 필요에 따라 변경되어져야 한다.○ 중증의 간장애(liver impairment)환자에게는 용량을 감소시켜 판토프라졸로서 격일마다 1회  40 mg씩  복용한다.○ 고령자 또는 신기능장애가 있는 환자는 판토프라졸로서 1일 40 mg을 초과하지 않도록 한다. 고령자의 경우에는 예외적으로 위의 항생제 병용요법으로 이 약으로서 1회 40 mg을 1일 2회(아침 및 저녁식전) 씹거나 부수지 말고, 1주간 복용할 수 있다.○ 중등도∼중증의 간/신기능장애 환자의 경우에 항생제 병용요법을 사용해서는 안 된다. 이 병용요법에 대한 유효성, 안전성에 대한 자료가 충분하지 않다.",1. 다음 환자에는 투여하지 말 것.  1) 항생제 병용요법의 경우 중등도 ∼ 중증의 간/신기능 장애자(안전성 유효성에 대한 임상경험이 없음) ...(이하생략),https://dthumb-phinf.pstatic.net/?src=%22https%3A%2F%2Fdbscthumb-phinf.pstatic.net%2F3323_000_9%2F20180712145621316_GV77GODQV.jpg%2FP_8806453020914.jpg%3Ftype%3Dm4500_4500_fst%26wm%3DN%22&twidth=480&theight=480&opts=17,https://terms.naver.com//entry.nhn?docId=2159582&cid=51000&categoryId=51000
위궤양,겔포스현탁액,보령제약,"다음 질환의 제산작용 및 증상의 개선: 위.십이지장 궤양, 위염, 위산과다(속쓰림, 위통, 구역, 구토)","성인 1회 1포(인산알루미늄으로서 2.2-2.75g), 1일 3-4회 식간[식사때와 식사때 사이] 및 취침시 경구투여한다[복용한다].연령[나이], 증상에 따라 적절히 증감한다.",1. 다음 환자에는 신중히 투여할 것1) 신장애[신장(콩팥)장애] 환자...(이하생략),https://dthumb-phinf.pstatic.net/?src=%22https%3A%2F%2Fdbscthumb-phinf.pstatic.net%2F3323_000_9%2F20180712061839056_JL62AYHSG.jpg%2FP_A11ABBBBB0219_.jpg%3Ftype%3Dm4500_4500_fst%26wm%3DN%22&twidth=480&theight=480&opts=17,https://terms.naver.com//entry.nhn?docId=2140839&cid=51000&categoryId=51000
치핵,대웅디오스민캡슐,대웅제약,"1. 치질2. 다음 질환에 의한 여러 증상 (하지(다리)중압감, 동통(통증), 부종(부기) 등)의 개선: 정맥류, 정맥부전 (임신시 포함), 정맥염후증후군3. 모세혈관취약증에 의한 출혈증상 : 자반(자주색 반점)증","성인 : 디오스민으로서 1회 300mg 1일 2회 (점심, 저녁 식사 시) 경구투여 한다(복용한다). 치질의 재발이나 악화 시에는 1일 1,200~1,800mg까지 투여할 수 있다.연령. 증상에 따라 적절히 증감 한다.",1. 다음 환자에는 투여하지 말 것.   이 약에 과민증환자...(이하생략),https://lh3.googleusercontent.com/proxy/kqEKJHUnQSZFkju09wQ1yC16iftPS6gfWTYN5JfvkUlpeCUlsahQqRsCpkMpT5rs5WOOjKW-QGvFuv1eMe_FXeWU7OuBGUoHO1LEWN8sVPbhHli1VTW2BAPB,https://terms.naver.com//entry.nhn?docId=3341227&cid=51000&categoryId=51000
치핵,치센캡슐,동국제약,"1. 치질2. 다음 질환에 의한 여러 증상 (하지(다리)중압감, 동통(통증), 부종(부기) 등)의 개선 : 정맥류, 정맥부전 (임신시 포함), 정맥염후증후군3. 모세혈관취약증에 의한 출혈증상 : 자반(자주색 반점)증","성인 : 디오스민으로서 1회 300mg 1일 2회 (점심, 저녁 식사 시) 경구투여 한다(복용한다.). 치질의 재발이나 악화 시에는 1일 1,200~1,800mg까지 투여할 수 있다.연령. 증상에 따라 적절히 증감 한다",1. 다음 환자에는 투여하지 말 것.   이 약에 과민증환자...(이하생략),https://dthumb-phinf.pstatic.net/?src=%22https%3A%2F%2Fdbscthumb-phinf.pstatic.net%2F3323_000_18%2F20200525024046184_DZQ099WJF.jpg%2FP_2017032200005_.jpg%3Ftype%3Dm4500_4500_fst%26wm%3DN%22&twidth=480&theight=480&opts=17,https://terms.naver.com//entry.nhn?docId=3559154&cid=51000&categoryId=51000
치핵,푸레파베인캡슐,일동제약,"1. 치질2. 다음 질환에 의한 여러 증상(하지중압감, 동통, 부종 등)의 개선 : 정맥류, 정맥부전(임신시 포함), 정맥염후증후군3. 모세혈관취약증에 의한 출혈증상 : 자반증","성인 : 디오스민으로서 1회 300㎎ 1일 2회(점심, 저녁식사시) 경구투여한다. 치질의 재발이나 악화시에는 1일 1200-1800㎎까지 투여할 수 있다.연령, 증상에 따라 적절히 증감한다.",1. 다음 환자에는 투여하지 말 것.이 약에 과민증 환자...(이하생략),https://mblogthumb-phinf.pstatic.net/MjAyMDA0MTlfMjY3/MDAxNTg3Mjc5MTA2ODA1.QU-VVb0mUOhRybJUzDMaw8jDvgcfDm3Oq6WH1R5m9qgg.iUexI631yxjifJrwE9HC1BIwqvUrRf0pctqpYJtDyUIg.JPEG.happymedicalwriter/SE-e81b4e52-ad23-4346-a6f8-972f8520e6e0.jpg?type=w800,https://terms.naver.com//entry.nhn?docId=5680607&cid=51000&categoryId=51000
항문소양증,로지나크림,부광약품,"[허가사항변경(2015년 재평가), 의약품안전평가과-6848, 2016.12.12.](연고제)(크림제)습진·피부염군(지루피부염, 만성단순태선, 접촉피부염, 아토피피부염을 포함), 건선, 피부가려움","[허가사항변경(2015년 재평가), 의약품안전평가과-6848, 2016.12.12.](연고제)(크림제)1일 1 ∼ 2회 적당량을 환부에 바르고 증상에 따라 적절히 증감한다.","1. 다음 환자에는 투여하지 말 것.1) 세균(피부결핵, 매독 등)·진균(칸디다증, 백선 등)·바이러스(대상포진, 단순포진, 수두, 종두증, 헤르페스 등)·동물(옴, 사면발이 등)성 피부감염증 환자(증상이 악화될 수 있다.)...(이하생략)","https://static.wixstatic.com/media/33c530_29c8d8a704a745928158150a7ab19673.jpg/v1/fill/w_274,h_276,al_c,lg_1,q_80/33c530_29c8d8a704a745928158150a7ab19673.webp",https://terms.naver.com//entry.nhn?docId=3534807&cid=51000&categoryId=51000
항문소양증,더모베이트액(50mL),글락소스미스클라인,"주로 두부의 피부질환(습진, 피부염군, 건선)",1일 1 ~ 2회 적당량을 환부에 바르고 증상에 따라 적절히 증감한다. 이 약은 활성이 강한 코르티코이드이므로2주 이상의 연속적인 치료 또는 1주에 50g(액제 50ml) 이상을 사용하지 않는다.,"1. 다음 환자에는 투여하지 말 것.1) 세균(농가진 등)·진균(칸디다증, 백선 등)·바이러스(대상포진, 단순포진, 수두, 종두증 등)·동물(옴, 사면발이 등)성 피부감염증 환자(증상이 악화될 수 있다)...(이하생략)",https://www.health.kr/images/ext_images/pack_img/P_A11A0040B0081_01.bmp,https://terms.naver.com//entry.nhn?docId=2132720&cid=51000&categoryId=51000
알레르기성 쇼크,벡솔1%점안액,한국알콘,"[허가사항변경(2010년 재평가) 의약품관리과-7389호, 2011.12.29](점안제)1. 안과 수술 후 염증2. 안검 및 안구의 결막, 각막 및 안구 전방의 스테로이드 감수성 염증3. 포도막염","[허가사항변경(2010년 재평가) 의약품관리과-7389호, 2011.12.29](점안제)1. 안과 수술 후 염증 : 수술 후 첫날은 1회 1～2방울 1일 4회 결막낭에 점안한다. 수술 후 2주동안 계속한다.2. 스테로이드 감수성 염증 : 1회 1～2방울 1일 4회 결막낭에 점안하거나 의사의 지시에 따른다.3. 포도막염 : 첫 번째 주는 깨어있는 동안에 매시간 1～2방울 점안하고, 두 번째주는 깨어있는 동안 2시간마다 1방울씩, 셋째주에는 1회 1방울 1일 4회, 마지막주에는 처음 4일은 1회 1방울 1일 2회, 나머지 3일은 1회 1방울 1일 1회 점안한다.  증상에 따라 적절히 증감한다.","(점안제)1. 다음 환자에는 투여하지 말 것. 1) 상피성 단순포진각막염(수지상각막염), 우두, 수두, 각막 및 결막의 바이러스 질환 환자 ...(이하생략)",https://dthumb-phinf.pstatic.net/?src=%22https%3A%2F%2Fdbscthumb-phinf.pstatic.net%2F3323_000_9%2F20180712062717548_29L7O7WCL.jpg%2FP_8806524002016.jpg%3Ftype%3Dm4500_4500_fst%26wm%3DN%22&twidth=480&theight=480&opts=17,https://terms.naver.com//entry.nhn?docId=2141029&cid=51000&categoryId=51000
알레르기성 쇼크,나글라자임주,삼오제약,"나글라자임(갈설파제)은 뮤코다당증 VI형(MPS VI, Maroteaux-Lamysyndrome)환자에게 쓰인다. 이 약은 걷기와 계단오르기 능력을 개선시킨다.","이 약은 권장량으로서 체중 kg당 1mg으로 일주일에 1회씩 정맥 내 투여한다. 항히스타민제 혹은 항히스타민제 및 해열제를 사전에 투여할 경우 나글라자임 투여 30~60분 전에 투여하는 것이 바람직하다.(참조: 경고 및 주의사항) 4시간 정도에 걸쳐 총 투여량을 주입한다. 나글라자임은 0.9% 염화나트륨 주사액(USP)으로 희석하여 250mL로 만든 다음, 주입 펌프를 사용하는 통제된 정맥 주입 방법으로 투여되어야 한다. 초기 주입 속도는 주입시작 후 1시간 동안 6mL/h이어야 한다. 만일 독성이 나타나지 않는다면, 이후 3시간 동안 주입 속도를 80mL/h로 증가시킬 수 있다. 만일 주입 반응이 나타난다면, 주입 시간을 20시간까지 늘릴 수 있다. 체액 용적 과부하에 민감한 20kg이하의 환자에 대해서는 나글라자임을 100mL 주사액에 희석하는 것이 고려될 수 있다. 총 주입시간이 4시간 정도가 되도록 주입 속도는 감소되어야 한다. 나글라자임 각 바이알은 5.0mL에 5mg의 갈설파제(단백질 함량으로써)를 함유하고 있고 일회 투여용이므로 여러 번 나눠서 투여해서는 안 된다. 투여하기 전 무균 처리한 0.9% 염화나트륨 주사액(USP)으로 희석하여야 한다. 희석된 나글라자임 용액을 0.2마이크로 인라인 필터가 연결된 주입 세트로 환자에게 투여한다. 유리용기를 사용하여 나글라자임을 희석해도 되는지의 여부는 확인된 바 없다. 용액 제조 방법 무균적으로 조제한다. 1. 희석에 필요한 바이알 수를 환자의 체중에 근거하여 결정하며, 권장 용량은 kg당 1mg이다. 환자체중(kg) × 1mL/kg = 나글라자임 총 투여량(mL) 나글라자임 총 투여량(mL) ÷ 5mL/vial = 총 바이알 수(vial) 계산된 나글라자임 총 투여량을 뽑아낼 총 바이알 수는 올림하여 정한다. 필요한 만큼의 바이알을 냉장고에서 꺼내어 실온에서 보관한다. 희석 전 24시간이상 실온에 방치하지 않는다. 가열하거나 고주파를 쏘이지 않는다. 2. 나글라자임을 바이알에서 빼기 전에 육안으로 미립자나 변색 여부를 관찰한다. 나글라자임은 맑거나 약간의 유백광의 무색 또는 담황색 용액이다. 간혹 반투명 입자가 발견될 수도 있다. 변색이 되었거나 미립자가 발견되면 사용하지 않는다. 3. 혼합할 나글라자임의 용량에 해당하는 양을 250mL 부피의 0.9% 염화나트륨 주사액(USP) 주입 백에서 뽑아내어 버린다. 만일 100mL 부피의 주입 백을 사용할 경우에는 이 과정은 필요치 않다. 4. 과도하게 뒤섞이지 않게 주의하면서 계산된 용량을 서서히 뽑아낸다. 과도한 교반을 피하기 위하여 필터 바늘을 사용하지 않는다. 이러한 교반은 나글라자임을 변형시켜 생물학적으로 불활성화 시킨다. 5. 뒤섞이지 않게 주의하면서 나글라자임을 0.9% 염화나트륨 주사액에 주입시킨다. 필터바늘을 사용하지 않는다. 6. 나글라자임이 적절하게 분포되도록 천천히 회전시킨다. 절대 흔들어서는 안 된다. 7. 희석된 나글라자임 용액을 0.2마이크로 인라인 필터가 연결된 주입 세트로 환자에게 투여한다.이 약은 어떠한 보존제도 함유하고 있지 않으므로 주입백 내의 생리식염수로 희석 후에는 주입백을 즉시 사용하여야 한다. 만일 즉시 사용하는 것이 가능하지 않다면, 희석된 용액은 2℃~8℃에서 냉장 보관하고 용액을 제조하고 완전히 다 투여할 때까지의 시간이 48시간을 넘어서는 안 된다. 주입할 때를 제외하고 희석 용액을 실온에 보관하지 않도록 한다. 미사용 분의 제품이나 사용 후 남은 재료는 각자의 규정에 따라 반드시 폐기하고 처리되도록 한다. 이 약은 주입 관류 시 다른 약과 함께 주입하지 않는다. 다른 약물과 동시 투여에 대한 적합성은 확인된 바 없다.","제형 × 함량주사제; 5mL 바이알 (5mg/5mL)금기사항없음경고 및 주의사항1. 아나필락시스 및 알레르기 반응아나필락시스와 심각한 알레르기 반응이 나글라자임을 주입하는 동안 혹은 주입 후 최대 24시간 동안 환자에게서 관찰되었다. 일부 반응은 생명에 위협적이었으며 아나필락시스, 쇼크, 호흡장애, 호흡곤란, 기관지경련, 후두부 부종과 저혈압을 포함했다. 만일 아나필락시스 또는 다른 심각한 알레르기 반응이 일어나면, 나글라자임의 주입을 즉시 중단하고 적절한 의학적 치료가 시작되어야 한다. 나글라자임을 주입하는 동안 아나필락시스나 다른 심각한 알레르기 반응을 경험한 환자는 다시 시도할 때 주의를 해야 하며, 주입하는 동안 응급 소생(에피네프린 포함)을 위해 적절히 훈련된 인원과 장비가 사용 가능하여야 한다.(이상반응 참조)...(이하생략)",https://dthumb-phinf.pstatic.net/?src=%22https%3A%2F%2Fdbscthumb-phinf.pstatic.net%2F3323_000_9%2F20180712093821494_BXRB3V1CU.jpg%2FP_A11AKP08F0781_.jpg%3Ftype%3Dm4500_4500_fst%26wm%3DN%22&twidth=520&theight=390&opts=17,https://terms.naver.com//entry.nhn?docId=2147414&cid=51000&categoryId=51000
구내염,오라메디연고,동국제약,"1. 주효능 효과다음 질환에 의한 염증의 완화 : 만성 박리성 치은염, 미란 또는 궤양을 수반하는 난치성 구내염 및 설염","1. 1일 1~수회 환부에 적당량을 바른다.연령, 증상에 따라 적절히 증감한다.","1. 다음 환자에는 투여하지 말 것.1) 구강에 결핵성, 바이러스성, 기타 화농성 감염증 환자...(이하생략)",https://blog.kakaocdn.net/dn/HpVEv/btqDwdUNxbP/LkH0TU7FKlizOr7XQ1AxGK/img.png,https://terms.naver.com//entry.nhn?docId=2132756&cid=51000&categoryId=51000
구내염,아프타치정,동화약품,다음 질환에 의한 염증의 완화 :미란(짓무름) 또는 궤양을 수반하는 난치성 구내염(입안염) 및 설염(혀염),"환부(질환 부위)에 트리암시놀론아세토니드로서 1회 0.025 mg 1일 1 ~ 2회 백색면을 환부(질환 부위)점막에 부착한다. 연령(나이), 증상에 따라 적절히 증감한다.",1. 다음 환자에는 투여하지 말 것1) 이 약에 과민증의 병력이 있는 환자...(이하생략),https://dthumb-phinf.pstatic.net/?src=%22https%3A%2F%2Fdbscthumb-phinf.pstatic.net%2F3323_000_9%2F20180712085757572_TTQ24MSIE.jpg%2FP_A11AKP07L0147_.jpg%3Ftype%3Dm4500_4500_fst%26wm%3DN%22&twidth=480&theight=480&opts=17,https://terms.naver.com//entry.nhn?docId=2145290&cid=51000&categoryId=51000
구내염,다케다알보칠콘센트레이트액,한국다케다제약,"[허가사항변경(2015년 재평가), 의약품안전평가과-6848, 2016.12.12.](액제)1. 질 세균 감염2. 구내염 및 치육염","[허가사항변경(2015년 재평가), 의약품안전평가과-6848, 2016.12.12.](액제)1. 질 세균 감염 : 용액을 적신 거즈를 질 안에 넣고 가벼운 압력으로 해당부위를 1 ~ 3분간 누른다. 3 ~ 4일 간격으로 두 번 사용하고, 증상이 사라지지 않으면 의사와 상담한다. 2. 구내염 및 치육염 : 이 약을 적신 면봉 등을 이용해 여러번 반복하여 발라준다.",1. 다음과 같은 사람은 이 약을 사용하지 말 것.이 약 성분에 과민반응 환자...(이하생략),https://t1.daumcdn.net/cfile/tistory/99EC204A5EE5BC2D03,https://terms.naver.com//entry.nhn?docId=3329630&cid=51000&categoryId=51000
기관지염,목앤파워스프레이,한미약품,인후염의 단기 증상 치료,"구강에 단기간으로만 사용해야 한다.18세 이상 성인 : 필요 시 3~6시간 마다 1회 3번씩 인후(목구멍)에 분사한다.1일 최대 5회(15번)까지 사용한다.분사할 때 숨을 쉬면 안 된다.이 약은 최대 3일간 사용하도록 권장된다.18세 미만 소아는 복용하지 않는다.고령자 : 현재까지 사용경험이 제한적이므로 제시된 권장량은 없다.최초 사용 시에는 최소 4번 이상 시험분사 후 사용한다.매 사용 전 1번 이상 시험분사를 해야 한다.이 약을 사용하기 전에 분무구를 몸 반대 방향으로 놓고, 미세하고 균일하게 분사되는지를 항상 확인해야 한다.",1. 경고1) 매일 세잔 이상 정기적으로 술을 마시는 사람이 이 약이나 다른 해열진통제를 복용해야 할 경우 반드시 의사 또는 약사와 상의해야 한다. 이러한 사람이 이 약을 복용하면 위장출혈이 유발될 수 있다....(이하생략),https://www.mdon.co.kr/data/photos/20190520/art_15582547227736_5c2d29.jpg,https://terms.naver.com//entry.nhn?docId=5731982&cid=51000&categoryId=51000
기관지염,탄툼베르데네뷸라이저,삼아제약,"인후, 구강, 잇몸, 발치전후의 염증치료 및 진통","인후, 구강, 잇몸, 발치전후의 염증치료 및 진통","1일 2회에서 6회까지, 각 회마다 사용자에 해당되는 분무 횟수만큼 분무할 것.어른 : 1일 2회에서 6회까지, 각 횟수마다 4~8번6세이상 12세미만 : 1일 2회에서 6회까지, 각 횟수마다 4번6세미만 : 1일 2회에서 6회까지, 각 횟수마다 아이의 몸무게 4kg당 1번씩 최대한도 4번까지 분무...(이하생략)",https://www.samapharm.co.kr/pds/product/%ED%83%84%ED%88%BC%EB%B2%A0%EB%A5%B4%EB%8D%B0%20%EC%9B%B9%EC%9E%91.jpg,https://terms.naver.com//entry.nhn?docId=2153704&cid=51000&categoryId=51000
기관지염,베타딘인후스프레이,한국먼디파마,"구강내 살균소독, 인두염, 후두염, 구내염, 발치후 및 구내수술후 살균소독, 구취증",1일 수회 적당량을 분사 도포한다.,1. 다음 환자에는 투여하지 말 것.  1) 요오드 과민증 환자  ...(이하생략),https://dthumb-phinf.pstatic.net/?src=%22https%3A%2F%2Fdbscthumb-phinf.pstatic.net%2F3323_000_17%2F20191216001317994_MCLG4DYGE.jpg%2FP_2014042400002_.jpg%3Ftype%3Dm4500_4500_fst%26wm%3DN%22&twidth=480&theight=480&opts=17,https://terms.naver.com//entry.nhn?docId=2131711&cid=51000&categoryId=51000
고막염,동광이부프로펜정400mg,동광제약,"1. 주효능 효과  류마티양 관절염, 연소성(어리거나 젊은나이에 나타나는) 류마티양 관절염, 골관절염(퇴행성관절질환), 감기로 인한 발열 및 동통(통증), 요통, 월경곤란증, 수술후 동통(통증)2. 다음 질환에도 사용할 수 있다.  강직성 척추염, 두통, 치통, 근육통, 신경통, 급성통풍, 건선성 관절염, 연조직손상(염좌(삠), 좌상(타박상)), 비관절 류마티스질환(건염(힘줄염), 건초염(힘줄윤활막염), 활액(윤활)낭염)","o 류마티양 관절염, 골관절염, 강직성 척추염, 연조직손상, 비관절 류마티스질환, 급성통풍,   건선성 관절염 : 성인 이부프로펜으로서 1회 200-600mg 1일 3-4회 경구투여한다(먹는다).   1일 최고 3200mg까지 투여할 수 있다.o 연소성(어리거나 젊은나이에 나타나는) 류마티양 관절염 : 1일 체중 kg당 30-40mg을 3-4회 분할 경구투여한다(먹는다).o 경증(가벼운 증상) 및 중등도의 동통(통증), 감기  : 성인 1회 200-400mg 1일 3-4회 경구투여한다(먹는다).     연령(나이), 증상에 따라 적절히 증감한다.o 어린이는 다음 1회 용량을 1일 3-4회 경구투여한다(먹는다).  체중이 30kg미만인 어린이는 1일량이 500mg(25ml)을 초과해서는 안되며 공복(빈 속)시 투여는 피하는 것이 바람직하다.  어린이 1회 용량 :  11-14세 : 200-250mg (10-13ml)                      7-10세 : 150-200mg ( 8-10ml)                      3- 6세 : 100-150mg ( 5- 8ml)                      1- 2세 :  50-100mg ( 3- 5ml)",1. 경고   1) 매일 세잔 이상 정기적으로 술을 마시는 사람이 이 약이나 다른 해열진통제를 복용해야 할 경우 반드시 의사 또는 약사와 상의해야 한다. 이러한 사람이 이 약을 복용하면 위장출혈이 유발될 수 있다. ...(이하생략),https://dbscthumb-phinf.pstatic.net/3323_000_2/20160623165134336_TJP0PCJBR.jpg/A11A0130B003701.jpg?type=m250&wm=N,https://terms.naver.com//entry.nhn?docId=2133283&cid=51000&categoryId=51000
고막염,지엘아세트아미노펜정,지엘파마,"[허가사항변경(통일조정) 의약품정책과-1060, 2014.02.07]1. 주효능·효과감기로 인한 발열 및 동통(통증), 두통, 신경통, 근육통, 월경통, 염좌통(삔 통증)2. 다음 질환에도 사용할 수 있다.치통, 관절통, 류마티양 동통(통증)","[허가사항변경(통일조정) 의약품정책과-1060, 2014.02.07]1. 주효능·효과감기로 인한 발열 및 동통(통증), 두통, 신경통, 근육통, 월경통, 염좌통(삔 통증)2. 다음 질환에도 사용할 수 있다.치통, 관절통, 류마티양 동통(통증)","성인 : 아세트아미노펜으로서 1회 0.3~1.0g 1일 3~4회 경구투여한다.1일 최고 4g까지 투여할 수 있다.연령, 질환, 증상에 따라 적절히 증감한다....(이하생략)",https://contents.sixshop.com/uploadedFiles/88971/product/image_1553148634520.jpg,https://terms.naver.com//entry.nhn?docId=2139677&cid=51000&categoryId=51000
고막염,베타딘인후스프레이,한국먼디파마,"구강내 살균소독, 인두염, 후두염, 구내염, 발치후 및 구내수술후 살균소독, 구취증",1일 수회 적당량을 분사 도포한다.,1. 다음 환자에는 투여하지 말 것.  1) 요오드 과민증 환자  ...(이하생략),https://dthumb-phinf.pstatic.net/?src=%22https%3A%2F%2Fdbscthumb-phinf.pstatic.net%2F3323_000_17%2F20191216001317994_MCLG4DYGE.jpg%2FP_2014042400002_.jpg%3Ftype%3Dm4500_4500_fst%26wm%3DN%22&twidth=480&theight=480&opts=17,https://terms.naver.com//entry.nhn?docId=2131711&cid=51000&categoryId=51000
중이염,오프로신이용액,제이더블유신약,"포도구균속, 연쇄상구균속, 프로테우스속, 인플루엔자균과 같은 이 약 감수성균에 의한 다음의 감염증 : 중이염, 외이염","성인 : 1회 6-10방울 1일 2회 점이한다.점이후 약 10분간 이욕을 한다.연령, 증상에 따라 적절히 증감한다.",1. 다음 환자에는 투여하지 말 것.이 약 및 기타 퀴놀론계 약물에 과민증 및 그 병력이 있는 환자...(이하생략),https://ww.namu.la/s/f8ea456ce9c672ba2ccdcf409021612b5ed1c3d9489c86ccbd9b2fd1741bd6b996dbf78e595996b3a485895f3ab2fc44ea571586a5c9112b145e8481d31706ba674f309330cba2876a4d131c93ca489ef1176272e4889a59e635a9a4e295d0ca,https://terms.naver.com//entry.nhn?docId=2154260&cid=51000&categoryId=51000
중이염,에펙신이용액,일동제약,"포도구균속, 연쇄상구균속, 프로테우스속, 인플루엔자균과 같은 이 약 감수성균에 의한 다음의 감염증 : 중이염, 외이염","성인 : 1회 6-10방울 1일 2회 점이한다.점이후 약 10분간 이욕을 한다.연령, 증상에 따라 적절히 증감한다.",1. 다음 환자에는 투여하지 말 것.이 약 및 기타 퀴놀론계 약물에 과민증 및 그 병력이 있는 환자...(이하생략),https://t1.daumcdn.net/cfile/tistory/99E294445B91E5D219,https://terms.naver.com//entry.nhn?docId=2133998&cid=51000&categoryId=51000
외이도염,더마톱연고0.25%,한독,"다음의 코르티코이드 반응성 피부질환: 습진ㆍ피부염군(아토피피부염, 지루피부염, 접촉성알레르기 피부염, 유사건선, 편평태선, 가려움발진 포함), 건선",1일 1~2회 환부에 얇게 바르고 가볍게 문질러 준다. 4주 이상(소아의 경우 3주 이상) 계속해서 투여하지 않는다.,"1. 다음 환자에는 투여하지 말 것.1) 세균(결핵, 매독 등).진균(칸디다증, 백선 등).바이러스(대상포진, 단순포진, 수두, 종두증 등).동물(옴, 사면발이 등)성 피부감염증 환자(증상이 악화될 수 있다)...(이하생략)",https://dthumb-phinf.pstatic.net/?src=%22https%3A%2F%2Fdbscthumb-phinf.pstatic.net%2F3323_000_9%2F20180712030815193_FYV2OLF6I.jpg%2FP_A11A0740A0337_.jpg%3Ftype%3Dm4500_4500_fst%26wm%3DN%22&twidth=480&theight=480&opts=17,https://terms.naver.com//entry.nhn?docId=2135335&cid=51000&categoryId=51000
축농증,오프로신이용액,제이더블유신약,"포도구균속, 연쇄상구균속, 프로테우스속, 인플루엔자균과 같은 이 약 감수성균에 의한 다음의 감염증 : 중이염, 외이염","성인 : 1회 6-10방울 1일 2회 점이한다.점이후 약 10분간 이욕을 한다.연령, 증상에 따라 적절히 증감한다.",1. 다음 환자에는 투여하지 말 것.이 약 및 기타 퀴놀론계 약물에 과민증 및 그 병력이 있는 환자...(이하생략),https://ww.namu.la/s/f8ea456ce9c672ba2ccdcf409021612b5ed1c3d9489c86ccbd9b2fd1741bd6b996dbf78e595996b3a485895f3ab2fc44ea571586a5c9112b145e8481d31706ba674f309330cba2876a4d131c93ca489ef1176272e4889a59e635a9a4e295d0ca,https://terms.naver.com//entry.nhn?docId=2154260&cid=51000&categoryId=51000
축농증,에펙신이용액,일동제약,"포도구균속, 연쇄상구균속, 프로테우스속, 인플루엔자균과 같은 이 약 감수성균에 의한 다음의 감염증 : 중이염, 외이염","성인 : 1회 6-10방울 1일 2회 점이한다.점이후 약 10분간 이욕을 한다.연령, 증상에 따라 적절히 증감한다.",1. 다음 환자에는 투여하지 말 것.이 약 및 기타 퀴놀론계 약물에 과민증 및 그 병력이 있는 환자...(이하생략),https://t1.daumcdn.net/cfile/tistory/99E294445B91E5D219,https://terms.naver.com//entry.nhn?docId=2133998&cid=51000&categoryId=51000
두통,타이레놀정500mg,한국얀센,"1. 주효능·효과감기로 인한 발열 및 동통(통증), 두통, 신경통, 근육통, 월경통, 염좌통(삔 통증)2. 다음 질환에도 사용할 수 있다.치통, 관절통, 류마티양 동통(통증)",성인 1회 1정 1일 3회까지 공복(빈속)시를 피하여 복용한다.복용간격은 4시간 이상으로 한다.이 약은 원칙적으로 단기 복용한다.15세 미만의 소아는 이 약을 복용하지 않는다.,성인 1회 1정 1일 3회까지 공복(빈속)시를 피하여 복용한다.복용간격은 4시간 이상으로 한다.이 약은 원칙적으로 단기 복용한다.15세 미만의 소아는 이 약을 복용하지 않는다....(이하생략),https://dthumb-phinf.pstatic.net/?src=%22https%3A%2F%2Fdbscthumb-phinf.pstatic.net%2F3323_000_17%2F20190127024010203_2UEIGWNKX.jpg%2FP_A11A4380A0049_.jpg%3Ftype%3Dm4500_4500_fst%26wm%3DN%22&twidth=480&theight=480&opts=17,https://terms.naver.com/entry.nhn?docId=2140309&cid=51000&categoryId=51000
두통,게보린정,삼진제약,"두통, 치통, 발치(이를 뽑음)후 동통(통증), 인후(목구멍)통, 귀의 통증, 관절통, 신경통, 요(허리)통, 근육통, 견통(어깨통증), 타박통, 골절통, 염좌통(삔 통증), 월경통(생리통), 외상(상처)통의 진통, 오한(춥고 떨리는 증상), 발열시의 해열",성인 1회 1정 1일 3회까지 공복(빈속)시를 피하여 복용한다.복용간격은 4시간 이상으로 한다.이 약은 원칙적으로 단기 복용한다.15세 미만의 소아는 이 약을 복용하지 않는다.,"본인, 양친 또는 형제 등이 두드러기, 접촉피부염, 기관지천식, 알레르기비염(코염), 편두통, 음식물 알레르기 등을 일으키기 쉬운 체질을 갖고 있는 사람...(이하생략)",https://dthumb-phinf.pstatic.net/?src=%22https%3A%2F%2Fdbscthumb-phinf.pstatic.net%2F3323_000_9%2F20180712055150892_9LC5XBM32.jpg%2FP_A11A3550A0135_.jpg%3Ftype%3Dm4500_4500_fst%26wm%3DN%22&twidth=480&theight=480&opts=17,https://terms.naver.com//entry.nhn?docId=2139982&cid=51000&categoryId=51000
두통,펜잘큐정,종근당,"두통, 치통, 발치(이를 뽑음)후 동통(통증), 인후(목구멍)통, 귀의 통증, 관절통, 신경통, 요(허리)통, 근육통, 견통(어깨결림), 타박통, 골절통, 염좌통(삔 통증), 월경통(생리통), 외상(상처)통의 진통, 오한(춥고 떨리는 증상), 발열시의 해열",1일 3회까지 공복(빈 속)시를 피하여 복용한다. 복용간격은 4시간 이상으로 한다. 성인(만 15세 이상) : 1회 1정. 만 11세 이상 ~ 만 15세 미만 : 1회 1/2~2/3정. 만 8세 이상 ~ 만 11세 미만 : 1회 1/2정,매일 세잔 이상 정기적으로 술을 마시는 사람이 이 약이나 다른 해열진통제를 복용해야 할 경우 반드시 의사 또는 약사와 상의해야 한다. 이러한 사람이 이 약을 복용하면 간손상이 유발될 수 있다....(이하생략),https://dthumb-phinf.pstatic.net/?src=%22https%3A%2F%2Fdbscthumb-phinf.pstatic.net%2F3323_000_9%2F20180712110040510_3RESXW6E4.jpg%2FP_8806433050214.jpg%3Ftype%3Dm4500_4500_fst%26wm%3DN%22&twidth=480&theight=480&opts=17,https://terms.naver.com/entry.nhn?docId=2152140&cid=51000&categoryId=51000
신경근병증,클로사펜정,동성제약,"신경통, 근육통, 관절통, 요통, 염좌통, 견통, 근경련, 근경직 등 근육의 이상 긴장을 수반하는 제질환","성인 : 1회2정, 1일4회까지 공복시를 피하여 복용한다.연령,증상에 따라 적절히 증감한다.",1. 경고매일 세잔 이상 정기적으로 술을 마시는 사람이 이 약이나 다른 해열진통제를 복용해야 할 경우 반드시 의사 또는 약사와 상의해야 합니다. 이러한 사람이 이 약을 복용하면 간손상이 유발될 수 있습니다....(이하생략),https://dthumb-phinf.pstatic.net/?src=%22https%3A%2F%2Fdbscthumb-phinf.pstatic.net%2F3323_000_9%2F20180711230547882_EQ80SJPYZ.jpg%2FP_2014012200006_.jpg%3Ftype%3Dm4500_4500_fst%26wm%3DN%22&twidth=520&theight=260&opts=17,https://terms.naver.com//entry.nhn?docId=2131173&cid=51000&categoryId=51000
신경근병증,푸러펜정,경남제약,"신경통, 근육통, 관절통, 요(허리)통, 염좌(삠)통, 견통(어깨결림, 어깨통증), 근경련(근육경련), 근경직 등 근육의 이상 긴장을 수반하는 제질환(여러 질환)","성인 : 1회 2정, 1일 4회까지 공복(빈 속)시를 피하여 복용한다.연령(나이), 증상에 따라 적절히 증감한다.",1. 경고매일 세잔 이상 정기적으로 술을 마시는 사람이 이 약이나 다른 해열진통제를 복용해야 할 경우 반드시 의사 또는 약사와 상의해야 한다. 이러한 사람이 이 약을 복용하면 간손상이 유발될 수 있다....(이하생략),https://dthumb-phinf.pstatic.net/?src=%22https%3A%2F%2Fdbscthumb-phinf.pstatic.net%2F3323_000_9%2F20180711231013250_60FT5U1IO.png%2FP_2014020700004_.png%3Ftype%3Dm4500_4500_fst%26wm%3DN%22&twidth=520&theight=352&opts=17,https://terms.naver.com//entry.nhn?docId=2131300&cid=51000&categoryId=51000
신경근병증,작감정(작약감초탕),한솔신약,급격히 일어나는 근육의 경련을 수반하는 통증,급격히 일어나는 근육의 경련을 수반하는 통증,보통 성인 1회 2캡슐(2정)을 1일 3회 식전 또는 식간에 복용한다....(이하생략),https://dthumb-phinf.pstatic.net/?src=%22https%3A%2F%2Fdbscthumb-phinf.pstatic.net%2F3323_000_9%2F20180712085412737_BT1HDSARE.jpg%2FP_A11AKP07K0028_.jpg%3Ftype%3Dm4500_4500_fst%26wm%3DN%22&twidth=457&theight=383&opts=17,https://terms.naver.com//entry.nhn?docId=2145127&cid=51000&categoryId=51000
안검염,아이커비스점안액0.1%(1회용),한국산텐제약,1. 인공눈물 치료에도 개선을 보이지 않는 안구건조증을 지닌 성인환자에서 중증의 각막염의 치료2. 소아 및 청소년(만 4세~만 18세)에서 중증의 봄철 각결막염의 치료,1. 인공눈물 치료에도 개선을 보이지 않는 안구건조증을 지닌 성인환자에서 중증의 각막염의 치료2. 소아 및 청소년(만 4세~만 18세)에서 중증의 봄철 각결막염의 치료,"사용 전에 용기를 가볍게 흔들어 준다. 점안 후 남은 액과 용기는 바로 버린다.점안하는 것을 잊은 경우 다음날 원래 투여하던 일정대로 투약을 지속한다.한꺼번에 한쪽 눈에 1방울을 초과하여 점안하지 않도록 한다.이 약 점안 후 전신 흡수를 줄이기 위해 2분간 비루관을 눌러주고 눈을 감고 있도록 한다.다른 점안제와 같이 사용할 경우 투여 간격을 최소 15분 이상 두도록 한다.1. 인공눈물 치료에도 개선을 보이지 않는 안구건조증을 지닌 성인환자에서 중증의 각막염의 치료 :이 약을 1회 1방울, 1일 1회 질환이 있는 눈에 점안한다. 취침 전 투여를 권장한다. 치료에 대한 반응은 최소 6개월마다 평가 하여야 한다....(이하생략)",https://dthumb-phinf.pstatic.net/?src=%22https%3A%2F%2Fdbscthumb-phinf.pstatic.net%2F3323_000_9%2F20180712011547282_IRG8JTVGZ.jpg%2FP_2017032000007_.jpg%3Ftype%3Dm4500_4500_fst%26wm%3DN%22&twidth=480&theight=480&opts=17,https://terms.naver.com//entry.nhn?docId=3559146&cid=51000&categoryId=51000
안구 건조증,아이커비스점안액0.1%(1회용),한국산텐제약,1. 인공눈물 치료에도 개선을 보이지 않는 안구건조증을 지닌 성인환자에서 중증의 각막염의 치료2. 소아 및 청소년(만 4세~만 18세)에서 중증의 봄철 각결막염의 치료,1. 인공눈물 치료에도 개선을 보이지 않는 안구건조증을 지닌 성인환자에서 중증의 각막염의 치료2. 소아 및 청소년(만 4세~만 18세)에서 중증의 봄철 각결막염의 치료,"사용 전에 용기를 가볍게 흔들어 준다. 점안 후 남은 액과 용기는 바로 버린다.점안하는 것을 잊은 경우 다음날 원래 투여하던 일정대로 투약을 지속한다.한꺼번에 한쪽 눈에 1방울을 초과하여 점안하지 않도록 한다.이 약 점안 후 전신 흡수를 줄이기 위해 2분간 비루관을 눌러주고 눈을 감고 있도록 한다.다른 점안제와 같이 사용할 경우 투여 간격을 최소 15분 이상 두도록 한다.1. 인공눈물 치료에도 개선을 보이지 않는 안구건조증을 지닌 성인환자에서 중증의 각막염의 치료 :이 약을 1회 1방울, 1일 1회 질환이 있는 눈에 점안한다. 취침 전 투여를 권장한다. 치료에 대한 반응은 최소 6개월마다 평가 하여야 한다....(이하생략)",https://dthumb-phinf.pstatic.net/?src=%22https%3A%2F%2Fdbscthumb-phinf.pstatic.net%2F3323_000_9%2F20180712011547282_IRG8JTVGZ.jpg%2FP_2017032000007_.jpg%3Ftype%3Dm4500_4500_fst%26wm%3DN%22&twidth=480&theight=480&opts=17,https://terms.naver.com//entry.nhn?docId=3559146&cid=51000&categoryId=51000
안구 건조증,리포직점안겔,바슈헬스코리아,"[허가사항변경(2011년 재평가), 의약품관리과-6843, 2012.12.31)](겔제)눈의 건조증상의 완화","[허가사항변경(2011년 재평가), 의약품관리과-6843, 2012.12.31)]* 2 mg/g성인 : 증상의 정도에 따라 1회 1방울 1일 2 ～ 5회 결막낭 내에 점안하고, 취침 시에는 약 30분 전에 점안한다(그렇지 않을 경우 눈꺼풀의 점착 위험이 증대된다).일반적으로 건조성 각결막염 치료는 장기간 또는 지속적인 치료가 필요하므로 안과의사와 상담하여야 한다.소아 : 소아에 대한 임상시험 경험은 없다. 소아에게는 의사의 책임 하에 사용한다.",(겔제)1. 다음과 같은 사람은 이 약을 사용하지 말 것.이 약 또는 이 약의 구성성분에 과민반응을 나타내는 사람...(이하생략),https://dthumb-phinf.pstatic.net/?src=%22https%3A%2F%2Fdbscthumb-phinf.pstatic.net%2F3323_000_9%2F20180712133059107_D16Y4HGLF.jpg%2FP_A11AOOOOO3874_.jpg%3Ftype%3Dm4500_4500_fst%26wm%3DN%22&twidth=480&theight=480&opts=17,https://terms.naver.com//entry.nhn?docId=2156855&cid=51000&categoryId=51000
안구 건조증,사이안연질캡슐,동성제약,"1. 다음 증상의 완화 : 눈의 건조감2. 치골의 발육불량3. 야맹증4. 구루병 예방5. 다음 경우의 비타민 A,D의 보급 : 임신수유기, 병중.병후 체력저하때, 발육기, 노년기","15세 이상 성인 : 1일 1회, 2캡슐7세 이상~15세 미만 : 1일 1회 1캡슐씩 복용한다.","1. 경고임부에 비타민 A(레티놀)를 1일 5,000I.U 이상 투여하는 경우에는 선천성 기형을 유발할 위험이 있으므로 임신 3개월 이내 또는 임신할 가능성이 있는 부인에는 비타민 A를 5,000I.U/일 이상 투여하지 말 것.(비타민 A 결핍증 환자는 제외)...(이하생략)",https://dthumb-phinf.pstatic.net/?src=%22https%3A%2F%2Fdbscthumb-phinf.pstatic.net%2F3323_000_9%2F20180712091124303_68FEMHFE1.jpg%2FP_A11AKP08B0177_.jpg%3Ftype%3Dm4500_4500_fst%26wm%3DN%22&twidth=520&theight=238&opts=17,https://terms.naver.com//entry.nhn?docId=2146129&cid=51000&categoryId=51000
기관지염,판콜에스내복액,동화약품,"감기의 제증상(여러증상) [콧물, 코막힘, 재채기, 기침, 인후(목구멍)통, 가래, 오한(춥고 떨리는 증상), 발열, 두통, 관절통, 근육통]의 완화",성인 1회 30ml 1일 3회 식후 30분에 복용한다.,1. 경고1) 매일 세잔 이상 정기적으로 술을 마시는 사람이 이 약이나 다른 해열진통제를 복용해야 할 경우 반드시 의사 또는 약사와 상의해야 한다. 이러한 사람이 이 약을 복용하면 간손상이 유발될 수 있다....(이하생략),https://www.dong-wha.co.kr/product/pimage/20160719040141_pancold%20L.jpg,https://terms.naver.com//entry.nhn?docId=2134976&cid=51000&categoryId=51000
기관지염,테라플루데이타임건조시럽,글락소스미스클라인컨슈머헬스케어코리아,"감기의 제증상(여러 증상)(콧물, 코막힘, 재채기, 인후통(목구멍의 통증), 오한(춥고 떨리는 증상), 발열, 두통, 관절통, 근육통)의 완화","만 12세 이상의 청소년 및 성인: 매 4∼6시간마다 필요시 1포씩 복용한다. 24시간 동안 최대 4포를 초과하여 복용하지 않는다.만 12세 미만의 어린이에게는 투여하지 않는다.1회 1포를 끓지 않는 정도의 뜨거운 물 약 250mL에 녹여, 10~15분 내에 복용한다.",1. 경고1) 매일 세잔 이상 정기적으로 술을 마시는 사람이 이 약이나 다른 해열진통제를 복용해야 할 경우 반드시 의사 또는 약사와 상의해야 한다. 이러한 사람이 이 약을 복용하면 간손상이 유발될 수 있다....(이하생략),https://kr.gsk.com/media/777996/therafludaytime.jpg?width=507&quality=60&mode=crop,https://terms.naver.com//entry.nhn?docId=2150721&cid=51000&categoryId=51000
기관지염,화이투벤나잘스프레이0.1%/화이투벤멘톨나잘스프레이0.1% ,한국다케다제약,"코감기(급성비염), 알레르기성 비염 또는 부비동염에 의한 다음 증상의 완화 : 코막힘, 콧물, 재채기, 머리무거움","7세 이상의 소아 또는 성인에게 다음과 같이 적용하며 1일 3회를 초과하지 말 것.: 1일 1~3회(매 8~10시간 마다), 1회 1번 각 비강에 분무한다.",1. 다음과 같은 사람은 이 약을 사용하지 말 것  1) 만 7세 미만의 유아   ...(이하생략),https://img.hankyung.com/photo/201407/AA.8904694.1.jpg,https://terms.naver.com//entry.nhn?docId=2130495&cid=51000&categoryId=51000
꽃가루 알레르기,클리어틴외용액2%,한독,여드름 치료,"1일 2회 아침, 저녁으로 바른다.",1. 다음 환자(부위)에는 사용하지 말 것.1) 이 약에 과민증 또는 그 병력이 있는 환자...(이하생략),https://dthumb-phinf.pstatic.net/?src=%22https%3A%2F%2Fdbscthumb-phinf.pstatic.net%2F3323_000_19%2F20200809235746832_ZWM0M3DFG.jpg%2FP_2013041100003_.jpg%3Ftype%3Dm4500_4500_fst%26wm%3DN%22&twidth=398&theight=480&opts=17,https://terms.naver.com//entry.nhn?docId=2129645&cid=51000&categoryId=51000
꽃가루 알레르기,지르텍정,한국유씨비제약,"1. 계절성 및 다년성 알레르기성 비염, 알레르기성 결막염, 만성 특발성 두드러기, 피부가려움증2. 습진, 피부염(하이드로코티손 외용제와 병용)(정제에 한함)","1. 성인 및 6세 이상의 소아 : 세티리진염산염으로서 1일 1회 10mg 취침 전에 경구 투여한다. 2. 이상반응에 민감한 환자의 경우는 5mg씩을 아침, 저녁에 분할 투여한다.3. 연령, 증상에 따라 적절히 증감한다.4. 중등도 ~ 중증의 신장애 환자 : 투여 간격은 환자의 신기능에 따라 조절되어야 한다. 다음 표를 참조하여 용량을 조절한다. 이 용량 표를 사용하기 위해서는 mL/min 단위의 크레아티닌 청소율 (CLcr)이 필요하다. CLcr (mL/min)은 다음 공식을 이용하여 혈청 크레아티닌 (mg/dL) 측정치로부터 계산된다 :",1. 다음과 같은 사람은 이 약을 복용(사용)하지 말 것 1) 이 약 및 히드록시진 또는 피페라진 유도체에 과민증 및 그 병력이 있는 환자 ...(이하생략),https://dthumb-phinf.pstatic.net/?src=%22https%3A%2F%2Fdbscthumb-phinf.pstatic.net%2F3323_000_9%2F20180712070204324_OZ2NK7VHO.jpg%2FP_A11ABBBBB2527_.jpg%3Ftype%3Dm4500_4500_fst%26wm%3DN%22&twidth=480&theight=480&opts=17,https://terms.naver.com//entry.nhn?docId=2141748&cid=51000&categoryId=51000
음식 알레르기,코졸텍정,경동제약,"1. 계절성 및 다년성 알레르기성 비염, 알레르기성 결막염, 만성 특발성 두드러기, 피부 소양증2. 하이드로코티손 외용제와 병용에 의한 습진, 피부염","1. 계절성 및 다년성 알레르기성 비염, 알레르기성 결막염, 만성 특발성 두드러기, 피부 소양증2. 하이드로코티손 외용제와 병용에 의한 습진, 피부염","[2010.07.16 통일조정 변경지시 반영(용법용량, 주의사항)]1. 성인 및 6세 이상의 소아 : 세티리진염산염으로서 1일 1회 10mg 취침 전에 경구 투여한다. ...(이하생략)",https://dthumb-phinf.pstatic.net/?src=%22https%3A%2F%2Fdbscthumb-phinf.pstatic.net%2F3323_000_9%2F20180712044658321_QQOVXJ4EY.jpg%2FP_A11A1760B0084_.jpg%3Ftype%3Dm4500_4500_fst%26wm%3DN%22&twidth=270&theight=270&opts=17,https://terms.naver.com//entry.nhn?docId=2138342&cid=51000&categoryId=51000
음식 알레르기,알러엔연질캡슐,한국프라임제약,"계절성 및 다년성 알레르기성 비염(코염), 알레르기성 결막염, 만성 특발성(원인불명의) 두드러기, 피부 소양증(가려움증)","1. 성인 및 6세 이상의 소아 : 세티리진염산염으로서 1일 1회 10 mg 취침 전에 경구투여한다(먹는다, 복용한다). 2. 이상반응에 민감한 환자의 경우는 5 mg씩을 아침, 저녁에 투여한다.3. 연령(나이), 증상에 따라 적절히 증감한다.4. 중등도 ~ 중증(심한 증상)의 신장애(신장장애) 환자 : 투여 간격은 환자의 신기능에 따라 조절되어야 한다. 다음 표를 참조하여 용량을 조절한다. 이 용량 표를 사용하기 위해서는 mL/min 단위의 크레아티닌 청소율 (CLcr)이 필요하다. CLcr (mL/min)은 다음 공식을 이용하여 혈청 크레아티닌 (mg/dL) 측정치로부터 계산된다 :CLcr = [140 - 연령 (세)] × 체중 (kg) / 72 × 혈청 크레아티닌 (mg/dL)(여성인 경우 × 0.85) * 신기능이 손상된 성인 환자에 대한 용량 조절",신장애(신장장애)를 가진 소아 환자는 환자의 신 청소율과 체중을 고려하여 개별적으로 용량을 조절해야 한다....(이하생략),http://www.gaopharm.com/bis_shop/product/970/970_L.jpg,https://terms.naver.com//entry.nhn?docId=3404214&cid=51000&categoryId=51000
음식 알레르기,클라리틴정,바이엘코리아,"알레르기성 비염(재채기, 코막힘, 가려움, 눈의 작열감), 만성 특발성 두드러기","알레르기성 비염(재채기, 코막힘, 가려움, 눈의 작열감), 만성 특발성 두드러기","성인 및 12세 이상의 소아: 로라타딘으로서 1일 1회 10mg을 경구투여한다.6-12세 미만의 소아- 체중 30kg이상 : 이 약으로서 1일 1회 10mg 투여한다.- 체중 30kg이하 : 이 약으로서 1일 1회 5mg 투여한다.연령, 증상에 따라 적절히 증감한다....(이하생략)",https://t1.daumcdn.net/cfile/tistory/997D48445AF5223F31,https://terms.naver.com//entry.nhn?docId=2124337&cid=51000&categoryId=51000
단순 포진,대화아시클로버크림,대화제약,단순포진 바이러스 감염증(초기 및 재발성 생식기 포진과 구순포진 포함),"1. 이 약은 약 4시간 간격으로 1일 5회 환부에 바른다. 2. 치료는 5일간 계속하여야 하며, 5일간 사용 후에도 치료되지 않을 경우에는 5일간 더 사용할 수 있다.",1. 다음 환자에는 투여하지 말 것. 1) 이 약 및 이 약 성분에 과민증 또는 그 병력이 있거나 화학적 불내성 환자 ...(이하생략),https://dthumb-phinf.pstatic.net/?src=%22https%3A%2F%2Fdbscthumb-phinf.pstatic.net%2F3323_000_9%2F20180712043931690_JEGSIAPAK.jpg%2FP_8806456003310.jpg%3Ftype%3Dm4500_4500_fst%26wm%3DN%22&twidth=480&theight=480&opts=17,https://terms.naver.com//entry.nhn?docId=2138061&cid=51000&categoryId=51000
단순 포진,에이클로크림,동구바이오제약,재발성 구순포진의 초기 치료,"성인:환부의 가장자리까지 충분히 적용할 수 있는 적당량으로 하여 1일 5회, 5일동안 사용합니다.치료는 초기증상 및 증후가 보이는 즉시 가능한 빨리 시작합니다.","1. 다음과 같은 사람은 이 약을 사용하지 말 것1) 세균(결핵, 매독 등)ㆍ진균(칸디다증, 백선 등)ㆍ단순포진(Herpes simplex)를 제외한 바이러스(대상포진, 수두, 종두증 등)ㆍ동물(옴, 사면발이 등)성 피부감염증 환자(증상이 악화될 수 있다)...(이하생략)",https://dthumb-phinf.pstatic.net/?src=%22https%3A%2F%2Fdbscthumb-phinf.pstatic.net%2F3323_000_17%2F20180930013730062_JFDX3X37U.jpg%2FP_2017032800012_.jpg%3Ftype%3Dm4500_4500_fst%26wm%3DN%22&twidth=480&theight=480&opts=17,https://terms.naver.com//entry.nhn?docId=3560372&cid=51000&categoryId=51000
무좀,라미실크림1%(30g),글락소스미스클라인컨슈머헬스케어코리아,"1. Trichophyton(T. rubrum, T. mentagrophytes, T. verrucosum, T. violaceum), Microsporum canis 및 Epidermophyton floccosum과 같은 피부사상균에 의한 피부진균감염증 : 족부백선, 고부백선(완선), 체부백선2. Pityrosporum orbiculare (Malassezia furfur)에 의한 어루러기3. 피부칸디다증","1. Trichophyton(T. rubrum, T. mentagrophytes, T. verrucosum, T. violaceum), Microsporum canis 및 Epidermophyton floccosum과 같은 피부사상균에 의한 피부진균감염증 : 족부백선, 고부백선(완선), 체부백선2. Pityrosporum orbiculare (Malassezia furfur)에 의한 어루러기3. 피부칸디다증","1일 1-2회 환부(질환부위)에 바른다.질환에 따른 치료기간은 다음과 같다.1. 족부백선(발백선증, 무좀): 1일 1회 , 1주지간(발가락사이)형 족부백선(발백선증, 무좀): 1일 2회 1주족저형(발바닥) 족부백선(발백선증, 무좀) : 1일 2회, 2주...(이하생략)",https://i-cf5.gskstatic.com/content/dam/cf-consumer-healthcare/lamisil/ko_KR/desktop-images/Lamisil-Cream-15g.png?auto=format,https://terms.naver.com//entry.nhn?docId=3558211&cid=51000&categoryId=51000
무좀,라미실외용액,글락소스미스클라인컨슈머헬스케어코리아,"1. Trichophyton(T. rubrum, T. mentagrophytes, T. verrucosum, T. violaceum), Microsporum canis 및 Epidermophyton floccosum과 같은 피부사상균에 의한 피부진균감염증 : 족부백선, 고부백선(완선), 체부백선2. Pityrosporum orbiculare (Malassezia furfur)에 의한 어루러기3. 피부칸디다증(크림제에 한함)","1. Trichophyton(T. rubrum, T. mentagrophytes, T. verrucosum, T. violaceum), Microsporum canis 및 Epidermophyton floccosum과 같은 피부사상균에 의한 피부진균감염증 : 족부백선, 고부백선(완선), 체부백선2. Pityrosporum orbiculare (Malassezia furfur)에 의한 어루러기3. 피부칸디다증(크림제에 한함)","적응증에 따라 1일 1회 또는 2회 적용한다. 적용 전에 환부(질환 부위)를 깨끗이 씻고, 완전히 건조시킨 후 환부(질환 부위)와 그 주위가 충분히 적셔지도록 충분한 양을 바른다.치료기간 :1. 족부백선(발백선증,무좀), 고부백선(대퇴부백선)(완선(사타구니백선)), 체부백선 : 1일 1회, 1주...(이하생략)",https://t1.daumcdn.net/cfile/tistory/99D5323E5DA6E9323A,https://terms.naver.com//entry.nhn?docId=2141200&cid=51000&categoryId=51000
무좀,피엠정액,경남제약,"무좀, 완선(사타구니백선), 체부백선",1일 1～수회 적당량을 환부(질환 부위)에 바른다.,"1. 다음 부위(환자)에는 투여하지 말 것. 1) 눈 또는 눈주위, 점막(예를 들면 구강(입안), 비강(코안), 질 등), 음부, 외음부 등 ...(이하생략)",https://t1.daumcdn.net/cfile/tistory/99D1F03C5ABB92BD08,https://terms.naver.com//entry.nhn?docId=2136471&cid=51000&categoryId=51000
두부 백선,터비졸크림,일양약품,"1. Trichophyton(T. rubrum, T. mentagrophytes, T. verrucosum, T. violaceum), Microsporum canis 및 Epidermophyton floccosum과 같은 피부사상균에 의한 피부진균감염증 : 족부백선, 고부백선(완선), 체부백선2. Pityrosporum orbiculare (Malassezia furfur)에 의한 어루러기3. 피부칸디다증","1일 1 ∼ 2회 환부(질환부위)에 바른다.질환에 따른 치료기간은 다음과 같다.1. 족부백선 : 1일 1회, 1주지간형(발가락사이) 족부백선 : 1일 2회 1주족저형(발바닥) 족부백선 : 1일 2회, 2주2. 체부백선, 고부백선 : 1 ∼ 2주3. 피부칸디다증 : 1 ∼ 2주4. 어루러기 : 2주치료기간 이후에도 임상적인 증상이 개선되지 않으면 진단을 다시 해야 한다.",1. 다음과 같은 사람은 이 약을 사용하지 말 것.1) 이 약 및 이 약의 구성성분에 과민반응 또는 그 병력이 있는 환자...(이하생략),https://dthumb-phinf.pstatic.net/?src=%22https%3A%2F%2Fdbscthumb-phinf.pstatic.net%2F3323_000_9%2F20180712094511328_RPK416ORD.jpg%2FP_A11AKP08F1336_.jpg%3Ftype%3Dm4500_4500_fst%26wm%3DN%22&twidth=520&theight=251&opts=17,https://terms.naver.com//entry.nhn?docId=2147771&cid=51000&categoryId=51000
두부 백선,타나실크림1%(15g),안국약품,"[허가사항변경(2015년 재평가), 의약품안전평가과-6848, 2016.12.12.](크림제)1. Trichophyton(T. rubrum, T. mentagrophytes, T. verrucosum, T. violaceum), Microsporum canis 및 Epidermophyton floccosum과 같은 피부사상균에 의한 피부진균감염증 : 족부백선, 고부백선(완선), 체부백선2. Pityrosporum orbiculare (Malassezia furfur)에 의한 어루러기3. 피부칸디다증","[허가사항변경(2015년 재평가), 의약품안전평가과-6848, 2016.12.12.](크림제)1. Trichophyton(T. rubrum, T. mentagrophytes, T. verrucosum, T. violaceum), Microsporum canis 및 Epidermophyton floccosum과 같은 피부사상균에 의한 피부진균감염증 : 족부백선, 고부백선(완선), 체부백선2. Pityrosporum orbiculare (Malassezia furfur)에 의한 어루러기3. 피부칸디다증","(크림제)1일 1 ∼ 2회 환부(질환부위)에 바른다.질환에 따른 치료기간은 다음과 같다.1. 족부백선 : 1일 1회, 1주지간형(발가락사이) 족부백선 : 1일 2회 1주족저형(발바닥) 족부백선 : 1일 2회, 2주...(이하생략)",https://dthumb-phinf.pstatic.net/?src=%22https%3A%2F%2Fdbscthumb-phinf.pstatic.net%2F3323_000_9%2F20180712031502308_SDCIWCVAN.jpg%2FP_A11A0850A0379_.jpg%3Ftype%3Dm4500_4500_fst%26wm%3DN%22&twidth=480&theight=480&opts=17,https://terms.naver.com//entry.nhn?docId=2135524&cid=51000&categoryId=51000
두부 백선,라미실외용액,글락소스미스클라인컨슈머헬스케어코리아,"1. Trichophyton(T. rubrum, T. mentagrophytes, T. verrucosum, T. violaceum), Microsporum canis 및 Epidermophyton floccosum과 같은 피부사상균에 의한 피부진균감염증 : 족부백선, 고부백선(완선), 체부백선2. Pityrosporum orbiculare (Malassezia furfur)에 의한 어루러기3. 피부칸디다증(크림제에 한함)","1. Trichophyton(T. rubrum, T. mentagrophytes, T. verrucosum, T. violaceum), Microsporum canis 및 Epidermophyton floccosum과 같은 피부사상균에 의한 피부진균감염증 : 족부백선, 고부백선(완선), 체부백선2. Pityrosporum orbiculare (Malassezia furfur)에 의한 어루러기3. 피부칸디다증(크림제에 한함)","적응증에 따라 1일 1회 또는 2회 적용한다. 적용 전에 환부(질환 부위)를 깨끗이 씻고, 완전히 건조시킨 후 환부(질환 부위)와 그 주위가 충분히 적셔지도록 충분한 양을 바른다.치료기간 :1. 족부백선(발백선증,무좀), 고부백선(대퇴부백선)(완선(사타구니백선)), 체부백선 : 1일 1회, 1주...(이하생략)",https://t1.daumcdn.net/cfile/tistory/99D5323E5DA6E9323A,https://terms.naver.com//entry.nhn?docId=2141200&cid=51000&categoryId=51000
지루성 피부염,스킨베리아크림,태극제약,"진행성 지장각피증(주부습진의 건조형), 손ㆍ발바닥 각피증, 어린선(魚鱗蘚), 노인성 건피증, 모공성 태선, 아토피피부",1일 1~수회 환부를 씻은 다음 이 약을 바른후 충분히 문지른다.,1. 다음 환자(부위 또는 경우)에는 투여하지 말 것.1) 안점막등의 점막...(이하생략),https://www.careshop.co.kr/eimages/display/AHG72313_A23_l.png,https://terms.naver.com//entry.nhn?docId=5687045&cid=51000&categoryId=51000
조갑백선,삼성아모롤핀네일라카,삼성제약,"피부사상균, 효모균 및 곰팡이에 의한 조갑진균증(손발톱진균증)(감염부위가 조갑(손발톱) 표면의 80% 이하인 경우)","주 1-2회 감염된 조갑(손톱 또는 발톱)에 다음과 같이 바른다.1. 이 약을 초회 바르기 전에, 감염된 조갑(손발톱)(특히 조갑(손발톱) 표면) 부위를 첨부된 줄을 사용하여 가능한 한 완전하게 갈아내야 한다. 그런 다음 첨부된 패드로 조갑(손발톱) 표면을 닦고 기름끼를 제거한다. 이 약을 다시 바르기 전에도 감염된 조갑(손발톱)을 줄로 다시 갈아내야 하며, 반드시 남아있는 라카는 패드로 닦아내야 한다.주의 : 감염된 조갑(손발톱)에 사용한 줄을 건강한 조갑(손발톱)에 사용해서는 안된다.2. 첨부된 재사용 가능한 스파툴라를 사용하여 감염된 조갑(손발톱) 표면 전체에 이 약을 바르고 건조시킨다. 감염된 각 조갑(손발톱)에 바를 때마다 스파툴라를 병 안에 담궈 사용하고 남은 약을 병 입구에 닦아내지 않는다. 바른 후 스파툴라는 조갑(손발톱)을 닦기 위해 사용되는 패드로 깨끗이 닦아낸다.3. 유기용매(신나, 휘발유 등)를 사용하는 작업시에는 조갑(손발톱) 위에 바른 약을 보호하기 위해 유기용매 침투방지 장갑을 착용한다.조갑(손발톱)이 재생되고 감염부위가 완전히 치유될 때까지 중단없이 치료를 계속한다.치료기간은 감염의 정도 및 감염부위에 따라 다르다. 일반적으로 손톱의 경우 6개월, 발톱의 경우에는 9-12개월이다.",1. 다음 환자는 이 약을 사용하지 말 것1) 이 약 및 이 약 성분에 과민증 또는 그 병력이 있는 환자...(이하생략),https://www.yakup.com/data/editor/news/201506/i8E6b6sVHBp2zWRr8fCZDK.jpg,https://terms.naver.com//entry.nhn?docId=5915213&cid=51000&categoryId=51000
조갑백선,무조날에스네일라카,한미약품,"조갑진균증 (손, 발톱무좀)","손발을 씻고 건조시킨 후 하루에 한번 얇은 막이 형성되도록 환부에 바른다. 손발톱전체와 손발톱 주위 5mm의 피부, 가능하면 손발톱끝의 아래부분에 바른다. 30초 정도 건조 시킨 후 적어도 6시간 동안은 씻지 않아야 하므로 취침 전에 바르도록 한다. 이 약은 유기용매나 긁어내지 않고 물로도 충분히 제거된다. 만약 의도치 않게 물에 씻었다면 이 약을 다시 바른다.정기적으로 자라난 손발톱끝 부분과 환부는 가위나 손톱깎이 등으로 잘라준다. 적용기간은 완전한 미생물학적 그리고 임상적 치료가 되고, 건강한 손발톱이 자랄 때까지 지속해야 하는데 일반적으로, 손톱의 경우는 대략 6개월 발톱의 경우는 9~12개월이 예상된다. 만약 효과가 없거나 환부가 광범위할 경우 의사와 상담하도록 한다. 남아 있는 활성성분이 배양결과에 영향을 주는 것을 피하기 위해 배양검사는 치료가 끝난 후 4주 후에 한다.",1. 다음과 같은 사람은 이 약을 사용하지 말 것.1) 이 약 성분에 과민반응을 일으킨 적이 있는 사람...(이하생략),http://www.hanmi.co.kr/upfile/ces/product/f48387cf-6da7-42b8-b31f-d172152ec729.jpg,https://terms.naver.com//entry.nhn?docId=4389375&cid=51000&categoryId=51000
건선,삼아리도멕스로션(5g),삼아제약,"습진·피부염군(진행성 지장각피증, 만성단순태선 포함), 양진군(구진두드러기 포함),벌레물린데, 건선, 손·발바닥농포증","습진·피부염군(진행성 지장각피증, 만성단순태선 포함), 양진군(구진두드러기 포함),벌레물린데, 건선, 손·발바닥농포증",1일 1~수회 적당량을 환부에 바르고 증상에 따라 적절히 증감한다....(이하생략),https://www.samapharm.co.kr/pds/product/%EB%A6%AC%EB%8F%84%EB%A9%95%EC%8A%A4%EB%A1%9C%EC%85%98%20%EC%9B%B9%EC%9E%91[10].jpg,https://terms.naver.com//entry.nhn?docId=5145768&cid=51000&categoryId=51000
건선,베이덤연고,태극제약,"진행성 지장각피증(주부습진의 건조형), 손ㆍ발바닥 각피증, 어린선(魚鱗蘚), 노인성 건피증, 모공성 태선, 아토피피부",1일 1～수회 환부를 씻은 다음 이 약을 바른후 충분히 문지른다.,1. 다음 환자(부위 또는 경우)에는 투여하지 말 것.1) 안점막등의 점막...(이하생략),https://lh3.googleusercontent.com/proxy/sX4c13GJcHH59CrHsufpUeLcXmDEHt6wFnSblsT3dEcniEPOaQSwf2WJm7QEV45wJb-6Dd01zIHuqQybbiiBlTpaDkc3BFPUWTBs2kjlylMLCGoPytN99_bAzkUn-Xft7iWknw,https://terms.naver.com//entry.nhn?docId=2147798&cid=51000&categoryId=51000
대상포진,아시클로버건조시럽,알리코제약,"(정제)(캡슐제)(시럽제)(현탁액)1. 초발성 및 재발성 생식기포진을 포함한 피부 및 점막조직의 단순포진 바이러스 감염증의 치료 및 예방2. 대상포진 바이러스 감염증의 치료, 특히 급성시의 통증에 효과가 있다. 반면 포진후 신경통에 대한 효과는 아직 증명되지 않았다.3. 2세 이상 소아의 수두 치료(주사제)1. 면역기능정상 환자 : 중증 초발성 생식기포진, 재발성 수두대상포진 바이러스 감염증, 단순포진성 뇌염2. 면역기능저하 환자 : 단순포진 바이러스 감염증의 치료 및 예방, 초발성 및 재발성 수두대상포진바이러스 감염증, 단순포진성 뇌염","(정제)(캡슐제)(시럽제)(현탁액)○ 성인  1. 단순포진바이러스 감염증의 치료  1) 아시클로버로서 1일 5회, 1회 200 mg씩 4시간 간격으로 5일간 투여하며, 중증 초발성 감염증인 경우, 치료를 연장할 수 있다.  2) 중증 면역기능저하 환자(골수이식후 등)또는 소화관 흡수장애 환자는 1회 투여량을 400 mg까지 증량하거나 정맥주사로 투여경로를 바꿀 수 있다.  3) 감염 후 최대한 빨리 투여하는 것이 좋으며, 재발성인 경우 전조증상이나 병변이 처음 나타날 때 투여하는 것이 바람직하다. 2. 면역기능이 정상인 환자의 단순포진 감염증의 예방  1) 이 약으로서 1일 4회, 1회 200 mg을 약 6시간 간격으로 투여한다. 또는 1일 2회, 1회 400 mg씩 12시간 간격으로 투여할 수도 있다.   2) 그 후 1회 200 mg씩 1일 2～3회로 감량하여 그 유효성을 확인한 후 감량할 수도 있다.  3) 질환의 자연적인 변화과정을 확인하기 위해서는, 장기치료 환자는 매 6～12개월마다 주기적으로 치료를 중단하여 확인해 보아야 한다. 3. 면역기능이 저하된 환자의 단순포진 감염증의 예방  1) 이 약으로서 1일 4회, 1회 200 mg씩 약 6시간 간격으로 투여한다.  2) 중증 면역기능저하 환자(골수이식 후 등) 또는 소화기관 흡수장애 환자에는 1회 투여량을 400 mg까지 증량하거나 정맥주사로 투여경로를 바꿀 수 있다.  3) 감염위험 기간 동안 투여한다. 4. 대상포진 감염증의 치료  1) 이 약으로서 1일 5회, 1회 800 mg씩 취침시간을 제외하고 약 4시간 간격으로 투여하며, 총 7일간 투여한다.  2) 중증 면역기능저하 환자 또는 소화기관 흡수장애 환자는 정맥주사로 투여하는 것을 고려해야 한다.  3) 감염 후 최대한 빨리 투여하는 것이 좋으며, 빨리 치료할수록 더 좋은 효과가 나타난다.○ 소아 1. 단순포진 감염증의 치료 및 면역기능이 저하된 환자의 단순포진 감염증의 예방  1) 2세 이상 : 성인에 준함.  2) 2세 미만 : 성인용량의 1/2을 투여함.  3) 면역기능정상 환자의 단순포진 바이러스 감염증의 예방에 대한 확실한 자료는 아직 없다. 2. 2세 이상 소아의 수두치료 : 이 약으로서 1회 체중 kg당 20 mg(1회 최대 800 mg)씩 1일 4회, 5일간 투여한다.    치료는 수두발진이 나타난 후 빠를수록 좋으며 가급적 발진 후 24시간 이내에 투여한다.○ 신장애 환자  신장애 환자는 정신신경계 이상반응이 나타나기 쉬우므로 투여간격을 연장하거나 감량하는 등 주의해야 한다. 1. 단순포진 감염증의 치료   경구 용량은 정맥주사로 인한 축적량보다 높지 않는 것이 보통이다. 그러나 중증 신장애 환자(크레아티닌 청소율이 분당 10 mL 미만)는 이 약을 12시간마다 200 mg씩 투여하는 것이 바람직하다. 2. 대상포진 바이러스 감염증의 치료   심한 신장애 환자(크레아티닌 청소율이 분당 10 mL 미만)는 이 약으로서 1회 800 mg 1일 3∼4회, 약 6∼8시간 간격으로 감량 투여하는 것이 바람직하다.", (정제)(시럽제)(현탁제)1. 다음 환자에는 투여하지 말 것.  이 약 또는 이 약의 구성성분 및 발라시클로버에 대한 과민반응의 병력이 있는 환자...(이하생략),https://www.druginfo.co.kr/drugimg/304.jpg,https://terms.naver.com//entry.nhn?docId=3353845&cid=51000&categoryId=51000
땀띠,더마톱연고0.25%,한독,"다음의 코르티코이드 반응성 피부질환: 습진ㆍ피부염군(아토피피부염, 지루피부염, 접촉성알레르기 피부염, 유사건선, 편평태선, 가려움발진 포함), 건선",1일 1~2회 환부에 얇게 바르고 가볍게 문질러 준다. 4주 이상(소아의 경우 3주 이상) 계속해서 투여하지 않는다.,"1. 다음 환자에는 투여하지 말 것.1) 세균(결핵, 매독 등).진균(칸디다증, 백선 등).바이러스(대상포진, 단순포진, 수두, 종두증 등).동물(옴, 사면발이 등)성 피부감염증 환자(증상이 악화될 수 있다)...(이하생략)",https://dthumb-phinf.pstatic.net/?src=%22https%3A%2F%2Fdbscthumb-phinf.pstatic.net%2F3323_000_9%2F20180712030815193_FYV2OLF6I.jpg%2FP_A11A0740A0337_.jpg%3Ftype%3Dm4500_4500_fst%26wm%3DN%22&twidth=480&theight=480&opts=17,https://terms.naver.com//entry.nhn?docId=2135335&cid=51000&categoryId=51000
땀띠,락티케어에취씨로션1%(60g),한국파마,"습진 피부염군, 피부가려움, 벌레물린데",사용전 잘 흔들어 섞은 후 1일 1-3회 적당량을 환부에 바르고 증상에 따라 적절히 증감한다.,"1. 다음 환자에는 투여하지 말 것.1) 세균(결핵, 매독 등) ㆍ 진균(칸디다증, 백선 등) ㆍ 바이러스(대상포진, 단순포진, 수두, 종두증 등) ㆍ 동물(옴, 사면발이 등)성 피부감염증 환자(증상이 악화될 수 있다)...(이하생략)",https://t1.daumcdn.net/cfile/tistory/99C0154A5B2B6F7113,https://terms.naver.com//entry.nhn?docId=5702460&cid=51000&categoryId=51000
땀띠,비판텐연고,바이엘코리아,"상처, 화상, 찢긴 상처(수유기 중의 유두균열(갈라짐) 등), 욕창, 급ㆍ만성 피부염, 습진, 피부궤양, 기저귀발진, 햇볕에 탄 데(일광피부염)의 보조치료",1. 상처를 청결히 한 후 환부에 1일 1~2회 바른다.2. 수유기 중의 유두균열에는 매 수유 직후 유두에 바른다.,1. 다음 환자에는 투여하지 말 것.1) 이 약 성분에 과민증의 병력이 있는 환자...(이하생략),https://dthumb-phinf.pstatic.net/?src=%22https%3A%2F%2Fdbscthumb-phinf.pstatic.net%2F3323_000_9%2F20180712143418696_6558L8LJJ.jpg%2FP_A11AOOOOO6837_.jpg%3Ftype%3Dm4500_4500_fst%26wm%3DN%22&twidth=480&theight=480&opts=17,https://terms.naver.com//entry.nhn?docId=2158633&cid=51000&categoryId=51000
모공성 각화증,반질크림,해태에이치티비,"진행성 지장각피증(주부습진의 건조형), 손ㆍ발바닥 각피증, 어린선(魚鱗蘚), 노인성 건피증, 모공성 태선, 아토피피부",1일 1~수회 환부를 씻은 다음 이 약을 바른 후 충분히 문지른다.,1. 다음 환자(부위 또는 경우)에는 투여하지 말 것.1) 안점막등의 점막...(이하생략),https://www.pharmnews.com/news/photo/201608/img_82960_28590_81340.jpg,https://terms.naver.com//entry.nhn?docId=3346686&cid=51000&categoryId=51000
모낭염,삼익퓨시드산나트륨연고,삼익제약,"1. 유효균종포도구균, 연쇄구균, 코리네박테륨, 클로스트리듐2. 적응증농피증(농가진, 감염성습진양피부염, 심상성여드름(보통여드름), 모낭염, 종기 및 종기증, 화농성한선염, 농가진성습진), 화상·외상·봉합창·식피창에 의한 2차 감염",환부를 깨끗이 하고 1일 1～2회 적당량을 환부에 직접 바르거나 무균거즈에 넓게 펴발라 붙인다. 두꺼운 층에는 적용을 피하며 보통 1주 정도로 투여기간을 제한한다.,1. 다음과 같은 사람은 이 약을 사용하지 말 것.1) 푸시딘산 및 그의 염에 과민반응의 병력이 있는 환자...(이하생략),https://dthumb-phinf.pstatic.net/?src=%22https%3A%2F%2Fdbscthumb-phinf.pstatic.net%2F3323_000_19%2F20200802235729062_UTN3U6ZEF.jpg%2FP_A11A3670A0253_.jpg%3Ftype%3Dm4500_4500_fst%26wm%3DN%22&twidth=400&theight=300&opts=17,https://terms.naver.com//entry.nhn?docId=2140046&cid=51000&categoryId=51000
사마귀,그린티눈액,그린제약,"[허가사항변경(2015년 재평가), 의약품안전평가과-6848, 2016.12.12.]티눈, 못(굳은살)","[허가사항변경(2015년 재평가), 의약품안전평가과-6848, 2016.12.12.]1일 1 ~ 2회 적당량을 환부에 바른다. 이전에 생성된 피막을 제거한 후 바른다.",(액제)1. 다음과 같은 사람(신체 부위에)은 이 약을 사용하지 말 것.1) 7세미만의 소아...(이하생략),http://greenpharmaceutical.co.kr/uploaded/product/10/0873ab820d51decd4c178f6affe258730.bmp,https://terms.naver.com//entry.nhn?docId=2163073&cid=51000&categoryId=51000
사마귀,성광티눈액,퍼슨,"[허가사항변경(2015년 재평가), 의약품안전평가과-6848, 2016.12.12.]티눈, 못(굳은살)","[허가사항변경(2015년 재평가), 의약품안전평가과-6848, 2016.12.12.]1일 1 ~ 2회 적당량을 환부에 바른다. 이전에 생성된 피막을 제거한 후 바른다.",(액제)1. 다음과 같은 사람(신체 부위에)은 이 약을 사용하지 말 것. 1) 7세미만의 소아 ...(이하생략),https://dthumb-phinf.pstatic.net/?src=%22https%3A%2F%2Fdbscthumb-phinf.pstatic.net%2F3323_000_18%2F20200309011803439_1GSA5MRA8.jpg%2Fp_bcjke5b1w3brp_.jpg%3Ftype%3Dm4500_4500_fst%26wm%3DN%22&twidth=480&theight=480&opts=17,https://terms.naver.com//entry.nhn?docId=2163019&cid=51000&categoryId=51000
사마귀,신신티눈액,신신제약,"[허가사항변경(2015년 재평가), 의약품안전평가과-6848, 2016.12.12.]티눈, 못(굳은살)","[허가사항변경(2015년 재평가), 의약품안전평가과-6848, 2016.12.12.]1일 1 ~ 2회 적당량을 환부에 바른다. 이전에 생성된 피막을 제거한 후 바른다.",(액제)1. 다음과 같은 사람(신체 부위에)은 이 약을 사용하지 말 것. 1) 7세미만의 소아 ...(이하생략),http://www.sinsin.com/shop_sun/files/pro_img/zoom/202008311206331.jpg,https://terms.naver.com//entry.nhn?docId=2163450&cid=51000&categoryId=51000
습진,미모나크림,씨엠지제약,"진행성 지장각피증(주부습진의 건조형), 손ㆍ발바닥 각피증, 어린선(魚鱗蘚), 노인성 건피증, 모공성 태선, 아토피피부",1일 1~수회 환부를 씻은 다음 이 약을 바른 후 충분히 문지른다.,1. 다음 환자(부위 또는 경우)에는 투여하지 말 것.1) 안점막등의 점막...(이하생략),https://dthumb-phinf.pstatic.net/?src=%22https%3A%2F%2Fdbscthumb-phinf.pstatic.net%2F3323_000_9%2F20180712052202548_0LWWU2YDQ.jpg%2FP_A11A2340A0188_.jpg%3Ftype%3Dm4500_4500_fst%26wm%3DN%22&twidth=520&theight=390&opts=17,https://terms.naver.com//entry.nhn?docId=2139199&cid=51000&categoryId=51000
습진,보두레아크림,메디포럼제약,"진행성 지장각피증(주부습진의 건조형), 손.발바닥 각피증, 어린선(魚鱗蘚), 노인성 건피증(피부건조증), 모공성 태선, 아토피피부","진행성 지장각피증(주부습진의 건조형), 손.발바닥 각피증, 어린선(魚鱗蘚), 노인성 건피증(피부건조증), 모공성 태선, 아토피피부",1일 1~수회(여러 차례) 환부(질환 부위) 를 씻은 다음 이 약을 바른후 충분히 문지른다....(이하생략),https://dthumb-phinf.pstatic.net/?src=%22https%3A%2F%2Fdbscthumb-phinf.pstatic.net%2F3323_000_16%2F20180826014201701_9N4XWPD33.jpg%2FP_A11AMMMMM1214_.jpg%3Ftype%3Dm4500_4500_fst%26wm%3DN%22&twidth=480&theight=480&opts=17,https://terms.naver.com//entry.nhn?docId=2153736&cid=51000&categoryId=51000
습진,하나로겔,신일제약,"외상(타박상, 삠, 멍) 후의 통증.혈종.힘줄주위조직염.근육통.관절염, 혈전성정맥염, 혈행장해에 의한 통증과 염증성 질환(주사 후의 단단해짐 및 통증), 동창, 비후흉터.켈로이드의 치료와 예방, 주부습진의 건조형, 근육성 기운목(유아기)","통상, 증상에 따라 적량을, 1일 1～수회 문질러 바르거나 가제 등에 펴바른다.","1. 다음과 같은 사람은 이약을 사용하지 말 것.1) 출혈성 혈액 질환(혈우병, 혈소판 감소증, 자반병 등)이 있는 환자(혈액응고억제작용을 가지므로, 출혈을 일으킬 우려가 있다.)...(이하생략)",https://lh3.googleusercontent.com/proxy/thVwGuYpe5HDIbj0EDu31w1a4AGw-vts4MZm1afkSeKq1tGhTdHt6SfL2s8zxtdziHZbvvdNoMN7il6eOhkwMkyGgEzBmLcuXPu7L1xmDBYZtokse0sX0RjIv3m_ot_jbg0Un2b93PLAFvQPTOH0l3aBat5WN-T1w2PsyyIX8oiIxbZjdLpaz86Z-xoDnMymqjq2ZcS2sEYnASoMrK6e6NgxMR2yt98QHy26Uj1H86AQjACcmy2igQ0iJ0JCSJd_C-gz3PvdjDeKD-QDKLPhKaNsKp-i4wmSutMUXrbda29AJQQl71zu0r4QtziK,https://terms.naver.com//entry.nhn?docId=3381187&cid=51000&categoryId=51000
옴,유락신연고,녹십자,(연고제) 피부가려움,(로오숀제)(연고제) 가볍게 목욕을 한 후 1일 1회 얼굴과 두피를 제외하고 잘 건조된 피부 전체에 바르고 가볍게 마사지한다. 필요시 24시간 후에 반복하여 적용한다.,1. 다음 환자에는 투여하지 마십시오. 1) 이 약 및 이 약 성분에 과민증 또는 그 병력이 있는 환자 ...(이하생략),https://www.amc.seoul.kr/asan/file/viewDomainDrugFile.do?fileName=/P_EO-URACIN50.jpg,https://terms.naver.com//entry.nhn?docId=2139976&cid=51000&categoryId=51000
옴,신신린단로오숀,신신제약,"(겔제)머리이, 사면발이, 옴과 같은 동물성 기생충 감염증(액제)머리이, 사면발이(로오숀제)옴","(겔제)머리이, 사면발이, 옴과 같은 동물성 기생충 감염증(액제)머리이, 사면발이(로오숀제)옴",(겔제)반드시 지시한 대로만 사용하며 권장용량을 초과하지 않는다.1. 머리이이 약 15g 정도를 머리카락에 바르고 3일간 방치 후 머리를 감는다. 보통 1회 적용으로 치유된다. 치료 후에도 가려움이 있을 수 있으나 이것은 치료되지 않은 것이 아니며 살아있는 머리이가 보이지 않는다면 재치료할 필요가 없다....(이하생략),https://dthumb-phinf.pstatic.net/?src=%22https%3A%2F%2Fdbscthumb-phinf.pstatic.net%2F3323_000_9%2F20180712011449079_T87CRPCJQ.jpg%2FP_2016120500078_.jpg%3Ftype%3Dm4500_4500_fst%26wm%3DN%22&twidth=480&theight=480&opts=17,https://terms.naver.com//entry.nhn?docId=3534774&cid=51000&categoryId=51000
옴,오메크린크림,대웅제약,옴의 치료,"이 약을 머리부분을 제외한 몸 전체에 마사지하듯이 펴 바르고 12~14시간 후에 물로 씻어낸다. 이 약을 바를 때 손가락과 발가락 사이, 손목, 겨드랑이, 외부 생식기와 엉덩이 사이에 특별히 주의를 기울여 바른다. 이 약을 적용한 후 8시간 이내에 손을 씻은 경우에는 손에 다시 바른다.보통 1회 적용으로 치료된다. 치료 후에도 가려움이 있을 수 있으나 이것은 치료되지 않은 것이 아니며 살아있는 옴벌레가 보이거나 새로운 병변이 나타나는 경우에만 다시 치료한다. 재치료 할 필요가 있는 경우에는 첫 번째 적용 후 7~10일 후에 이 용법을 1회 더 반복한다.연령에 따른 적용량은 아래와 같으며 체표면적 등에 따라 적절히 증감한다.- 성인 및 12세 초과 소아 : 30 g- 5-12세 : 15 g","1. 다음 환자에는 투여하지 말 것.1) 이 약의 성분(퍼메트린) 및 유사화합물(합성 피레트로이드계 또는 피레트린계), 국화과, 또는 이 약의 어느 성분에 알러지가 있는 경우 이 약을 사용하지 말 것. 과민반응이 일어난 경우 사용을 중지할 것....(이하생략)",https://www.health.kr/images/ext_images/pack_img/P_2015111700025_00.jpg,https://terms.naver.com//entry.nhn?docId=3340876&cid=51000&categoryId=51000
만성 두드러기,클라리틴정,바이엘코리아,"알레르기성 비염(재채기, 코막힘, 가려움, 눈의 작열감), 만성 특발성 두드러기","알레르기성 비염(재채기, 코막힘, 가려움, 눈의 작열감), 만성 특발성 두드러기","성인 및 12세 이상의 소아: 로라타딘으로서 1일 1회 10mg을 경구투여한다.6-12세 미만의 소아- 체중 30kg이상 : 이 약으로서 1일 1회 10mg 투여한다.- 체중 30kg이하 : 이 약으로서 1일 1회 5mg 투여한다.연령, 증상에 따라 적절히 증감한다....(이하생략)",https://t1.daumcdn.net/cfile/tistory/997D48445AF5223F31,https://terms.naver.com//entry.nhn?docId=2124337&cid=51000&categoryId=51000
만성 두드러기,플로라딘연질캡슐,동화약품,"1. 알레르기성 비염(코염) 증상(재채기, 콧물, 가려움, 눈의 작열감(화끈감))의 일시적인 완화2. 만성 특발성(원인 불명의) 두드러기 증상 완화 가려움",성인 및 12세 이상의 소아 : 로라타딘으로서 1일 1회 10 mg을 경구 투여한다(먹는다).6-12세 미만의 소아- 체중 30 kg이상 : 이 약으로서 1일 1회 10 mg 투여한다.,1. 다음과 같은 사람은 이 약을 복용(사용)하지 말 것1) 이 약 및 이 약에 포함된 성분에 과민반응을 나타내는 환자...(이하생략),https://www.dong-wha.co.kr/product/pimage/20171227055431_1.jpg,https://terms.naver.com//entry.nhn?docId=3346714&cid=51000&categoryId=51000
피부염,아이지크림,명인제약,"- 2차 감염된 알레르기성 또는 염증성 피부질환 : 습진, 접촉피부염, 지루피부염, 아토피피부염, 광피부염, 만성단순태선, 간찰진(피부스침증), 박탈피부염, 가려움, 건선(마른비늘증)- 1도 화상",1일 1∼3회 환부(질환부위)에 적당량을 바른다.,"1. 다음과 같은 사람은 이 약을 사용하지 말 것.1) 세균(결핵, 매독 등)ㆍ진균(곰팡이)(칸디다증, 백선 등)ㆍ스피로헤타속ㆍ효모ㆍ바이러스(대상포진(물집), 단순포진(물집), 수두, 종두증 등)ㆍ동물(옴, 사면발이 등)성 피부감염증 환자(증상이 악화될 수 있다)...(이하생략)",https://dthumb-phinf.pstatic.net/?src=%22https%3A%2F%2Fdbscthumb-phinf.pstatic.net%2F3323_000_18%2F20200629001016586_F0F6KSSP3.jpg%2Fp_A11A0920A0274_.jpg%3Ftype%3Dm4500_4500_fst%26wm%3DN%22&twidth=520&theight=210&opts=17,https://terms.naver.com//entry.nhn?docId=2135767&cid=51000&categoryId=51000
피부염,크린지크림,조아제약,"- 2차 감염된 알레르기성 또는 염증성 피부질환 : 습진, 접촉피부염, 지루피부염, 아토피피부염, 광피부염, 만성단순태선, 간찰진(피부스침증), 박탈피부염, 가려움, 건선(마른비늘증)- 1도 화상","- 2차 감염된 알레르기성 또는 염증성 피부질환 : 습진, 접촉피부염, 지루피부염, 아토피피부염, 광피부염, 만성단순태선, 간찰진(피부스침증), 박탈피부염, 가려움, 건선(마른비늘증)- 1도 화상",1일 1～3회 환부(질환 부위)에 적당량을 바른다....(이하생략),https://www.choa.co.kr/userFiles/product/filename20150703_162054_0061443.JPG?cmd=thumb&width=92,https://terms.naver.com//entry.nhn?docId=2145015&cid=51000&categoryId=51000
기관지확장증,뮤스타캡슐200mg,일양약품,"다음 질환에서의 객담배출곤란 : 급ㆍ만성기관지염, 기관지천식, 후두염, 부비동염, 낭성섬유증",아세틸시스테인으로서 다음 용량을 식전에 소량의 물과 함께 복용한다.1. 급성질환성인 : 1회 200 mg 1일 3회소아 : 6 ～ 14세 1회 200 mg 1일 2회2. 만성질환성인 : 1회 200 mg 1일 2회소아 : 6 ～ 14세 1회 100 mg 1일 3회3. 낭성섬유증소아 : 6세 이상 1회 200 mg 1일 3회,1. 다음과 같은 사람은 이 약을 복용하지 말 것.1) 이 약 또는 이 약의 구성성분에 과민반응 환자...(이하생략),https://www.ilyang.co.kr/uploadfiles/product_01/546_2015020284314.jpg,https://terms.naver.com//entry.nhn?docId=2424445&cid=51000&categoryId=51000
기관지확장증,누코미트액,셀트리온제약,"1. 다음 질환에서의 객담배출곤란 : 기관지천식, 만성기관지염, 기관지확장증, 폐결핵, 폐기종, 상기도염(인·후두염), 폐화농증, 폐렴, 낭성섬유증, 수술후 폐합병증2. 다음 경우에서의 전·후 처치 : 기관지조영, 기관지경 검사, 폐암 세포진, 기관절개술","이 약은 주사용염화나트륨용액, 흡입용염화나트륨용액, 주사용멸균증류수, 흡입용멸균증류수를 사용하여 더 낮은 농도로 희석하여 사용할 수 있다.1. 안면마스크, 마우스피스, 기관누공형성술을 이용한 분무요법 : 이 약 1 ～ 10 mL를 2 ～ 6시간마다 분무한다. 추천양은 3～ 5 mL를 1일 3 ～ 4회 분무한다.2. 분무텐트 및 흡입기(Croupette)를 이용한 분무요법 : 특별한 경우에 필요한 방법으로 환자의 개인적 요구 및 투여방법의 편이도에 따라 개인적으로 사용한다. 이 투여방법에는 많은 양의 용액이 필요하여, 때때로 1회 치료 시 300 mL정도까지 요구되는 수도 있다. 추천양은 치료기간동안 천막이나 흡입기내에 매우 농도가 짙은 안개 같은 상태를 유지할 수 있는 용량이어야 한다. 간헐적 또는 계속적으로 장기간 투여하는 것이 바람직하다.3. 직접 주입하는 경우1) 이 약 1 ～ 2 mL을 1시간마다 투여한다.2) 기관누공형성술을 한 환자의 정기적 치료에는 이 약 1 ～ 2 mL을 기관누공을 통해 1 ～ 4시간마다 투여한다.3) 국소마취와 직접 절개를 하여 기관내로 작은 플라스틱 카테타를 삽입하여 폐기관 수지상 구조의 특정부분에 직접 투여하는 경우 카테타와 연결된 주사기를 이용하여 이 약 2 ～ 5 mL를 1 ～ 4 시간마다 투여한다.4) 기관지내 경피 카테타를 사용하여 투여하는 경우는 1 ～ 4시간마다 이 약 1 ～ 2 mL를 카테타에 연결된 주사기로 투여한다.4. 진단용 기관지 조영시기관지 조영 실시전에 이 약 1 ～ 2 mL를 2 ～ 3회 분무용법 또는 기관지내 주입법에 의해 투여한다.",(정제)(캡슐제)(과립제)(시럽제)1. 다음과 같은 사람은 이 약을 복용하지 말 것.1) 이 약 또는 이 약의 구성성분에 과민반응 환자...(이하생략),https://dthumb-phinf.pstatic.net/?src=%22https%3A%2F%2Fdbscthumb-phinf.pstatic.net%2F3323_000_9%2F20180712021931534_OCTG9BPZZ.bmp%2FP_A11A0360A0055_.bmp%3Ftype%3Dm4500_4500_fst%26wm%3DN%22&twidth=290&theight=194&opts=17,https://terms.naver.com//entry.nhn?docId=2134119&cid=51000&categoryId=51000
기관지염,뮤스타캡슐200mg,일양약품,"다음 질환에서의 객담배출곤란 : 급ㆍ만성기관지염, 기관지천식, 후두염, 부비동염, 낭성섬유증",아세틸시스테인으로서 다음 용량을 식전에 소량의 물과 함께 복용한다.1. 급성질환성인 : 1회 200 mg 1일 3회소아 : 6 ～ 14세 1회 200 mg 1일 2회2. 만성질환성인 : 1회 200 mg 1일 2회소아 : 6 ～ 14세 1회 100 mg 1일 3회3. 낭성섬유증소아 : 6세 이상 1회 200 mg 1일 3회,1. 다음과 같은 사람은 이 약을 복용하지 말 것.1) 이 약 또는 이 약의 구성성분에 과민반응 환자...(이하생략),https://www.ilyang.co.kr/uploadfiles/product_01/546_2015020284314.jpg,https://terms.naver.com//entry.nhn?docId=2424445&cid=51000&categoryId=51000
기관지염,레도론정,경동제약,다음  질환에서의  기침 : 급ㆍ만성  기관지염,성인 : 레보드로프로피진으로서 1회 60mg을 1일 3회 적어도 6시간 간격을 두고 경구투여한다.증상에 따라 적절히 증감한다.,1. 다음 환자에는 투여하지 말 것.1) 이 약 또는 이 약의 구성성분에 과민반응이 있는 환자...(이하생략),https://www.kdpharma.co.kr/uploaded/shop_good/519/502252a913d3d9c37e8264cd126e6f4d0.jpg,https://terms.naver.com//entry.nhn?docId=5731961&cid=51000&categoryId=51000
후비루,오트리빈0.05%비강분무액,글락소스미스클라인컨슈머헬스케어코리아,"코감기(급성비염(코염)), 알레르기성 비염(코염) 또는 부비동염에 의한 다음 증상의 완화 : 코막힘, 콧물, 재채기, 머리무거움","2~5세 이하의 소아에게 성인의 지도감독 하에 1일 1~2회 8~10시간 간격으로, 1회 1번 각 비강(코안)에 충분히 분무한다(뿌린다).6~11세 이하 소아에게 성인의 지도감독 하에 필요에 따라 1일 2~3회, 1회 1~2번 각 비강(코안)에 분무한다(뿌린다).연령(나이), 증상에 따라 적절히 증감하되 각 비강(코안)에 1일 3회 분무를 초과하지 않는다.(특히 노인과 소아에 있어 초과하지 않도록 한다.)본 제제는 매 회 최소 3시간 이상 간격을 두고 적용한다.마지막 사용 분량은 취침 직전에 사용하는 것이 권장된다.정량분무기는 분무량이 정확하고 비강점막 표면에 잘 분사 되게 한다. 이러한 정량 분무기는 의도하지 않은 과량투여를 방지한다.이 약을 처음 사용하는 경우, 펌프를 수차례 눌러주어 약액이 균일하게 분사되는지 확인한다.[사용방법]1. 코를 청결히 한다. 2. 두 손가락 사이에 노즐을 잡고 엄지손가락을 아래에 받치고 병을 위로 세운다. 3. 몸을 비스듬히 기대어 비강에 노즐을 넣는다. 4. 비강에 부드럽게 분사 후 동시에 호흡한다. 5. 사용 후 뚜껑을 닫기 전 노즐을 깨끗이하고 건조 시킨다.",1. 다음과 같은 사람은 이 약을 사용하지 말 것1) 만 2세 미만의 영아(갓난아기)...(이하생략),https://kr.gsk.com/media/927452/otrivins.jpg?width=507&quality=60&mode=crop,https://terms.naver.com//entry.nhn?docId=2156093&cid=51000&categoryId=51000
후비루,나리스타에스점비액,삼천당제약,"코막힘, 알레르기성비염, 알레르기에의한 비충혈","1일 3 ~ 4회, 양쪽 비강에 2 ~ 3회씩 분무, 1회분사량 : 0.05ml",(1) 다음과 같은 사람은 이 약을 사용하지 말 것.   1) 만 7세 미만의 유아   ...(이하생략),https://dthumb-phinf.pstatic.net/?src=%22https%3A%2F%2Fdbscthumb-phinf.pstatic.net%2F3323_000_9%2F20180712031237933_DAN3IBK34.jpg%2FP_A11A0840A0173_.jpg%3Ftype%3Dm4500_4500_fst%26wm%3DN%22&twidth=480&theight=480&opts=17,https://terms.naver.com//entry.nhn?docId=2135436&cid=51000&categoryId=51000
비염,지르텍정,한국유씨비제약,"1. 계절성 및 다년성 알레르기성 비염, 알레르기성 결막염, 만성 특발성 두드러기, 피부가려움증2. 습진, 피부염(하이드로코티손 외용제와 병용)(정제에 한함)","1. 성인 및 6세 이상의 소아 : 세티리진염산염으로서 1일 1회 10mg 취침 전에 경구 투여한다. 2. 이상반응에 민감한 환자의 경우는 5mg씩을 아침, 저녁에 분할 투여한다.3. 연령, 증상에 따라 적절히 증감한다.4. 중등도 ~ 중증의 신장애 환자 : 투여 간격은 환자의 신기능에 따라 조절되어야 한다. 다음 표를 참조하여 용량을 조절한다. 이 용량 표를 사용하기 위해서는 mL/min 단위의 크레아티닌 청소율 (CLcr)이 필요하다. CLcr (mL/min)은 다음 공식을 이용하여 혈청 크레아티닌 (mg/dL) 측정치로부터 계산된다 :",1. 다음과 같은 사람은 이 약을 복용(사용)하지 말 것 1) 이 약 및 히드록시진 또는 피페라진 유도체에 과민증 및 그 병력이 있는 환자 ...(이하생략),https://dthumb-phinf.pstatic.net/?src=%22https%3A%2F%2Fdbscthumb-phinf.pstatic.net%2F3323_000_9%2F20180712070204324_OZ2NK7VHO.jpg%2FP_A11ABBBBB2527_.jpg%3Ftype%3Dm4500_4500_fst%26wm%3DN%22&twidth=480&theight=480&opts=17,https://terms.naver.com//entry.nhn?docId=2141748&cid=51000&categoryId=51000
비염,클라리틴정,바이엘코리아,"알레르기성 비염(재채기, 코막힘, 가려움, 눈의 작열감), 만성 특발성 두드러기","알레르기성 비염(재채기, 코막힘, 가려움, 눈의 작열감), 만성 특발성 두드러기","성인 및 12세 이상의 소아: 로라타딘으로서 1일 1회 10mg을 경구투여한다.6-12세 미만의 소아- 체중 30kg이상 : 이 약으로서 1일 1회 10mg 투여한다.- 체중 30kg이하 : 이 약으로서 1일 1회 5mg 투여한다.연령, 증상에 따라 적절히 증감한다....(이하생략)",https://t1.daumcdn.net/cfile/tistory/997D48445AF5223F31,https://terms.naver.com//entry.nhn?docId=2124337&cid=51000&categoryId=51000
부비동염,콜대원코나에스나잘스프레이액,대원제약,"코감기(급성비염), 알레르기성 비염 또는 부비동염에 의한 다음 증상의 완화 : 코막힘, 콧물, 재채기, 머리무거움","만 7세 이상 소아 또는 성인에게 1일 1∼3회, 1회 1번씩 각 비강에 분무한다.연령 및 증상에 따라 적절히 증감하되 1일 6회 초과하지 않고, 매회 최소 3시간 이상의 간격을 두고 적용한다.",1. 다음과 같은사람은 이 약을 사용하지 말 것.(1) 만 7세 미만의 유아(...(이하생략),https://dthumb-phinf.pstatic.net/?src=%22https%3A%2F%2Fdbscthumb-phinf.pstatic.net%2F3323_000_18%2F20200309004629517_40J0LTL9P.png%2Fp_2018080800005_.png%3Ftype%3Dm4500_4500_fst%26wm%3DN%22&twidth=520&theight=437&opts=17,https://terms.naver.com//entry.nhn?docId=5668162&cid=51000&categoryId=51000
